filename,width,height,class,xmin,ymin,xmax,ymax
LAG (53).jpg,1280,720,LAG,616,159,966,512
ALB (460).jpg,1280,720,ALB,504,189,1020,332
ALB (982).jpg,1280,750,ALB,780,22,1023,178
ALB (86).jpg,1280,720,ALB,866,283,963,401
ALB (86).jpg,1280,720,ALB,760,314,898,410
ALB (459).jpg,1280,720,ALB,330,415,619,514
ALB (137).jpg,1280,720,ALB,521,132,1011,364
ALB (443).jpg,1276,718,ALB,635,189,753,389
ALB (256).jpg,1280,750,ALB,741,55,999,200
ALB (1001).jpg,1280,720,ALB,242,420,423,479
LAG (23).jpg,1280,720,LAG,689,310,925,433
ALB (283).jpg,1280,974,ALB,675,491,923,720
ALB (564).jpg,1280,720,ALB,290,223,695,414
ALB (564).jpg,1280,720,ALB,780,370,1199,547
ALB (1073).jpg,1280,720,ALB,363,393,517,475
DOL (75).jpg,1280,720,DOL,716,255,807,466
ALB (813).jpg,1280,720,ALB,566,424,708,583
ALB (813).jpg,1280,720,ALB,611,440,769,615
ALB (888).jpg,1280,720,ALB,333,425,532,550
ALB (99).jpg,1280,720,ALB,188,212,562,337
ALB (99).jpg,1280,720,ALB,36,118,279,245
ALB (99).jpg,1280,720,ALB,510,94,898,301
ALB (99).jpg,1280,720,ALB,686,79,1073,202
ALB (99).jpg,1280,720,ALB,451,211,890,358
ALB (99).jpg,1280,720,ALB,776,203,1180,368
ALB (99).jpg,1280,720,ALB,667,305,1167,480
ALB (591).jpg,1280,720,ALB,351,384,508,546
ALB (1132).jpg,1280,720,ALB,621,334,794,466
ALB (995).jpg,1280,720,ALB,776,255,928,392
LAG (33).jpg,1280,720,LAG,524,146,917,427
ALB (671).jpg,1280,720,ALB,332,254,804,442
ALB (697).jpg,1280,720,ALB,738,302,895,468
ALB (63).jpg,1280,750,ALB,217,272,392,427
SHARK (21).jpg,1280,974,SHARK,348,530,1075,804
ALB (706).jpg,1280,720,ALB,521,481,658,709
SHARK (104).jpg,1280,720,SHARK,471,428,634,522
ALB (220).jpg,1280,720,ALB,747,267,882,424
ALB (161).jpg,1276,718,ALB,608,224,852,452
ALB (571).jpg,1280,720,ALB,398,338,584,437
ALB (410).jpg,1192,670,ALB,232,62,421,252
ALB (566).jpg,1280,720,ALB,554,364,655,528
SHARK (73).jpg,1280,720,SHARK,456,428,656,528
SHARK (73).jpg,1280,720,SHARK,107,531,211,675
ALB (933).jpg,1518,854,ALB,724,184,976,330
SHARK (140).jpg,1280,974,SHARK,328,538,975,785
ALB (608).jpg,1280,720,ALB,627,38,984,266
ALB (640).jpg,1280,720,ALB,463,355,576,506
ALB (963).jpg,1192,670,ALB,193,41,458,250
ALB (1129).jpg,1280,720,ALB,451,333,577,496
LAG (22).jpg,1280,720,LAG,480,58,973,402
ALB (19).jpg,1280,720,ALB,520,125,953,294
ALB (25).jpg,1280,720,ALB,385,333,579,424
ALB (747).jpg,1280,750,ALB,364,139,715,285
ALB (675).jpg,1280,720,ALB,445,381,569,477
ALB (742).jpg,1280,720,ALB,399,414,630,534
ALB (236).jpg,1280,720,ALB,275,415,484,498
LAG (2).jpg,1280,720,LAG,519,158,985,440
ALB (1078).jpg,1280,750,ALB,312,222,501,392
SHARK (58).jpg,1280,974,SHARK,379,555,1051,807
LAG (7).jpg,1280,720,LAG,524,155,943,432
ALB (419).jpg,1280,720,ALB,753,371,914,619
ALB (213).jpg,1280,750,ALB,303,213,553,429
ALB (727).jpg,1280,720,ALB,449,359,576,460
ALB (994).jpg,1276,718,ALB,548,241,706,424
ALB (358).jpg,1280,720,ALB,606,320,1062,516
ALB (358).jpg,1280,720,ALB,238,94,592,231
ALB (320).jpg,1280,720,ALB,227,344,634,537
ALB (320).jpg,1280,720,ALB,669,137,1004,285
ALB (1023).jpg,1280,720,ALB,284,225,629,312
ALB (1023).jpg,1280,720,ALB,287,71,637,186
ALB (1023).jpg,1280,720,ALB,972,225,1275,397
ALB (928).jpg,1280,720,ALB,629,351,750,490
ALB (1184).jpg,1276,718,ALB,574,232,684,426
ALB (352).jpg,1280,720,ALB,569,377,625,542
ALB (1177).jpg,1280,974,ALB,104,262,432,343
ALB (733).jpg,1280,720,ALB,284,159,788,388
ALB (733).jpg,1280,720,ALB,892,186,1181,573
ALB (184).jpg,1280,720,ALB,512,55,860,250
ALB (184).jpg,1280,720,ALB,140,190,299,313
ALB (582).jpg,1280,750,ALB,208,307,312,359
LAG (44).jpg,1280,720,LAG,640,184,1040,503
ALB (425).jpg,1280,720,ALB,314,409,551,489
ALB (484).jpg,1276,718,ALB,644,154,783,331
ALB (1009).jpg,1280,720,ALB,527,180,971,350
ALB (650).jpg,1280,720,ALB,758,168,1081,320
ALB (650).jpg,1280,720,ALB,573,91,860,176
ALB (20).jpg,1280,720,ALB,360,44,799,229
ALB (20).jpg,1280,720,ALB,676,70,1060,224
ALB (20).jpg,1280,720,ALB,280,160,772,431
ALB (20).jpg,1280,720,ALB,808,328,1241,576
ALB (717).jpg,1280,720,ALB,245,427,493,540
ALB (1193).jpg,1280,750,ALB,310,211,502,404
ALB (1191).jpg,1280,720,ALB,438,364,582,496
ALB (668).jpg,1280,720,ALB,527,471,628,720
ALB (668).jpg,1280,720,ALB,624,331,749,525
DOL (91).jpg,1280,750,DOL,225,305,580,440
SHARK (132).jpg,1280,720,SHARK,481,405,684,573
ALB (401).jpg,1280,720,ALB,627,336,755,505
ALB (276).jpg,1280,720,ALB,390,272,850,462
ALB (89).jpg,1280,924,ALB,421,71,714,232
ALB (181).jpg,1280,750,ALB,480,231,790,509
ALB (66).jpg,1276,718,ALB,552,276,696,480
ALB (206).jpg,1280,750,ALB,519,285,837,509
DOL (42).jpg,1280,750,DOL,173,291,559,482
ALB (271).jpg,1280,750,ALB,332,240,634,369
ALB (426).jpg,1280,720,ALB,624,397,729,551
ALB (336).jpg,1192,670,ALB,972,336,1082,448
ALB (406).jpg,1280,750,ALB,675,569,1258,750
ALB (1171).jpg,1280,720,ALB,566,432,733,594
ALB (1171).jpg,1280,720,ALB,794,305,866,389
ALB (43).jpg,1280,974,ALB,459,497,573,685
LAG (25).jpg,1280,720,LAG,577,145,1130,554
ALB (734).jpg,1280,974,ALB,616,304,1148,579
LAG (14).jpg,1280,720,LAG,688,86,1123,463
ALB (3).jpg,1280,720,ALB,664,407,717,644
ALB (3).jpg,1280,720,ALB,825,288,956,420
ALB (446).jpg,1280,720,ALB,610,344,793,450
ALB (250).jpg,1280,750,ALB,753,30,1076,209
ALB (784).jpg,1280,750,ALB,79,347,319,538
ALB (1053).jpg,1280,750,ALB,171,351,351,421
ALB (943).jpg,1280,924,ALB,383,11,657,171
ALB (913).jpg,1280,720,ALB,342,370,521,505
ALB (568).jpg,1280,720,ALB,510,125,958,292
ALB (1109).jpg,1280,720,ALB,649,346,737,510
ALB (704).jpg,1280,720,ALB,189,279,792,497
ALB (704).jpg,1280,720,ALB,501,53,846,144
ALB (716).jpg,1280,720,ALB,719,203,1040,399
ALB (716).jpg,1280,720,ALB,775,83,1134,247
ALB (716).jpg,1280,720,ALB,881,199,1267,385
ALB (716).jpg,1280,720,ALB,804,420,1238,568
ALB (716).jpg,1280,720,ALB,367,41,679,189
ALB (330).jpg,1280,750,ALB,202,413,427,599
ALB (1145).jpg,1280,720,ALB,563,170,984,311
ALB (1145).jpg,1280,720,ALB,307,266,707,441
ALB (1145).jpg,1280,720,ALB,649,346,1038,522
ALB (1145).jpg,1280,720,ALB,1,381,163,468
ALB (1145).jpg,1280,720,ALB,1,234,134,307
ALB (1087).jpg,1280,720,ALB,754,346,921,445
ALB (431).jpg,1192,670,ALB,504,520,650,569
ALB (131).jpg,1280,720,ALB,612,324,746,486
ALB (93).jpg,1280,750,ALB,394,185,706,385
ALB (663).jpg,1280,720,ALB,497,49,993,280
ALB (663).jpg,1280,720,ALB,40,223,462,416
ALB (586).jpg,1192,670,ALB,200,51,442,257
ALB (690).jpg,1280,720,ALB,632,341,856,489
ALB (976).jpg,1280,750,ALB,146,317,332,485
ALB (771).jpg,1280,720,ALB,603,268,977,511
ALB (770).jpg,1280,974,ALB,242,201,506,392
ALB (828).jpg,1276,718,ALB,604,205,848,435
ALB (1179).jpg,1280,750,ALB,117,391,315,474
ALB (197).jpg,1280,750,ALB,214,318,464,409
SHARK (96).jpg,1280,720,SHARK,441,407,719,563
ALB (57).jpg,1280,720,ALB,494,488,689,720
ALB (578).jpg,1280,720,ALB,768,168,1151,409
ALB (578).jpg,1280,720,ALB,538,73,894,216
ALB (578).jpg,1280,720,ALB,159,202,399,344
ALB (366).jpg,1280,750,ALB,319,204,656,400
ALB (990).jpg,1280,720,ALB,411,379,729,509
LAG (11).jpg,1280,720,LAG,616,331,892,516
ALB (231).jpg,1280,720,ALB,245,107,620,251
ALB (231).jpg,1280,720,ALB,502,210,830,494
ALB (231).jpg,1280,720,ALB,441,325,781,510
ALB (231).jpg,1280,720,ALB,367,437,710,581
ALB (231).jpg,1280,720,ALB,651,83,1163,255
ALB (231).jpg,1280,720,ALB,1,375,203,478
ALB (231).jpg,1280,720,ALB,28,128,106,364
ALB (485).jpg,1280,750,ALB,225,256,355,388
ALB (863).jpg,1280,750,ALB,340,234,679,361
ALB (930).jpg,1280,720,ALB,223,131,568,307
ALB (930).jpg,1280,720,ALB,490,68,980,216
ALB (1106).jpg,1276,718,ALB,486,462,595,635
ALB (768).jpg,1276,718,ALB,414,266,671,409
ALB (340).jpg,1280,720,ALB,550,102,897,272
ALB (340).jpg,1280,720,ALB,123,168,381,355
SHARK (56).jpg,1280,720,SHARK,547,351,641,475
ALB (938).jpg,1280,720,ALB,649,416,769,628
ALB (938).jpg,1280,720,ALB,829,270,925,418
ALB (403).jpg,1276,718,ALB,658,302,847,440
SHARK (80).jpg,1280,750,SHARK,311,156,837,392
ALB (817).jpg,1280,720,ALB,580,223,1037,393
ALB (817).jpg,1280,720,ALB,538,70,1033,246
ALB (817).jpg,1280,720,ALB,150,153,540,324
ALB (817).jpg,1280,720,ALB,42,124,293,228
ALB (227).jpg,1192,670,ALB,368,404,393,450
ALB (554).jpg,1280,750,ALB,94,366,327,448
SHARK (61).jpg,1280,720,SHARK,494,353,624,509
ALB (693).jpg,1280,720,ALB,251,51,651,193
DOL (80).jpg,1280,720,DOL,677,270,830,392
ALB (946).jpg,1280,720,ALB,311,399,532,490
ALB (999).jpg,1280,720,ALB,921,196,1243,366
ALB (884).jpg,1280,720,ALB,402,192,798,393
ALB (884).jpg,1280,720,ALB,767,286,1101,483
ALB (1050).jpg,1280,720,ALB,584,428,821,631
ALB (870).jpg,1280,974,ALB,597,489,807,688
SHARK (127).jpg,1280,750,SHARK,259,191,910,426
ALB (471).jpg,1280,750,ALB,462,305,730,439
ALB (823).jpg,1280,720,ALB,390,411,546,531
ALB (229).jpg,1280,750,ALB,327,156,521,295
ALB (464).jpg,1280,750,ALB,866,418,1069,607
ALB (881).jpg,1280,720,ALB,768,299,895,437
ALB (881).jpg,1280,720,ALB,654,436,804,672
ALB (615).jpg,1280,720,ALB,704,423,841,622
ALB (1113).jpg,1280,720,ALB,671,450,808,662
ALB (1113).jpg,1280,720,ALB,768,311,879,423
ALB (386).jpg,1280,720,ALB,477,373,656,497
ALB (614).jpg,1280,720,ALB,340,371,440,518
ALB (380).jpg,1280,750,ALB,210,316,471,413
ALB (707).jpg,1280,720,ALB,628,333,999,544
ALB (865).jpg,1280,720,ALB,429,399,607,489
ALB (560).jpg,1280,720,ALB,646,350,829,527
ALB (326).jpg,1280,720,ALB,727,180,1195,373
ALB (326).jpg,1280,720,ALB,579,81,942,214
ALB (326).jpg,1280,720,ALB,127,197,476,334
ALB (1051).jpg,1280,720,ALB,734,284,882,409
ALB (29).jpg,1280,720,ALB,416,359,614,470
ALB (891).jpg,1280,720,ALB,381,72,768,215
ALB (891).jpg,1280,720,ALB,853,175,1189,458
DOL (18).jpg,1280,974,DOL,262,314,544,524
ALB (655).jpg,1280,720,ALB,564,410,704,555
ALB (655).jpg,1280,720,ALB,656,303,777,457
ALB (655).jpg,1280,720,ALB,840,280,955,411
ALB (774).jpg,1280,720,ALB,320,175,777,267
ALB (774).jpg,1280,720,ALB,312,51,742,192
ALB (973).jpg,1280,720,ALB,414,429,724,602
ALB (1130).jpg,1276,718,ALB,683,272,873,361
ALB (180).jpg,1280,720,ALB,433,415,612,538
ALB (951).jpg,1280,750,ALB,319,226,614,355
ALB (1085).jpg,1192,670,ALB,221,57,354,220
ALB (759).jpg,1276,718,ALB,653,502,948,718
ALB (1119).jpg,1280,720,ALB,310,419,477,483
ALB (451).jpg,1280,750,ALB,325,61,681,301
ALB (1135).jpg,1280,720,ALB,732,333,943,442
ALB (842).jpg,1280,750,ALB,329,218,501,383
ALB (889).jpg,1280,720,ALB,408,354,490,524
ALB (991).jpg,1280,750,ALB,759,61,1051,173
ALB (16).jpg,1280,750,ALB,150,349,350,475
ALB (662).jpg,1280,720,ALB,599,454,836,628
ALB (625).jpg,1192,670,ALB,411,107,527,246
ALB (899).jpg,1276,718,ALB,713,298,844,361
ALB (871).jpg,1280,720,ALB,784,299,903,409
ALB (871).jpg,1280,720,ALB,632,410,817,567
ALB (381).jpg,1276,718,ALB,500,428,687,710
ALB (225).jpg,1280,720,ALB,624,347,819,481
ALB (26).jpg,1280,974,ALB,76,583,831,886
ALB (373).jpg,1280,720,ALB,490,394,663,512
ALB (810).jpg,1280,720,ALB,271,224,711,375
ALB (810).jpg,1280,720,ALB,229,94,617,173
ALB (810).jpg,1280,720,ALB,910,188,1262,347
ALB (49).jpg,1280,720,ALB,888,193,1169,334
ALB (127).jpg,1280,720,ALB,515,396,636,559
ALB (952).jpg,1276,718,ALB,700,269,823,363
ALB (487).jpg,1280,720,ALB,504,127,975,293
ALB (421).jpg,1280,720,ALB,634,345,743,498
ALB (48).jpg,1192,670,ALB,659,301,803,371
ALB (845).jpg,1192,670,ALB,410,78,542,280
ALB (374).jpg,1280,720,ALB,720,415,885,586
ALB (274).jpg,1280,750,ALB,489,262,782,485
DOL (49).jpg,1280,974,DOL,792,749,945,974
ALB (860).jpg,1280,750,ALB,308,251,555,438
ALB (394).jpg,1280,720,ALB,223,138,807,389
ALB (394).jpg,1280,720,ALB,902,196,1098,577
ALB (1026).jpg,1280,720,ALB,820,306,910,419
SHARK (23).jpg,1280,720,SHARK,508,353,650,497
ALB (363).jpg,1192,670,ALB,460,601,551,670
ALB (1175).jpg,1280,720,ALB,238,75,620,176
ALB (1175).jpg,1280,720,ALB,963,188,1208,380
SHARK (20).jpg,1280,720,SHARK,171,427,238,576
SHARK (20).jpg,1280,720,SHARK,99,466,229,622
ALB (192).jpg,1280,720,ALB,717,312,886,445
ALB (387).jpg,1280,720,ALB,620,201,1114,394
ALB (387).jpg,1280,720,ALB,558,68,979,236
ALB (387).jpg,1280,720,ALB,176,160,529,292
ALB (387).jpg,1280,720,ALB,58,122,345,258
ALB (1199).jpg,1280,720,ALB,232,422,412,498
ALB (635).jpg,1280,924,ALB,540,132,878,262
ALB (983).jpg,1280,720,ALB,962,177,1280,418
ALB (983).jpg,1280,720,ALB,329,62,655,188
ALB (983).jpg,1280,720,ALB,204,190,725,325
ALB (691).jpg,1280,720,ALB,230,397,412,477
ALB (17).jpg,1280,974,ALB,434,473,604,707
ALB (799).jpg,1280,750,ALB,601,537,1011,750
DOL (35).jpg,1280,750,DOL,228,264,640,461
DOL (8).jpg,1280,720,DOL,290,407,568,514
ALB (750).jpg,1192,670,ALB,454,34,633,179
SHARK (108).jpg,1280,720,SHARK,525,338,668,518
ALB (1185).jpg,1280,750,ALB,312,224,586,366
ALB (921).jpg,1276,718,ALB,599,195,730,396
LAG (4).jpg,1280,720,LAG,840,334,994,458
ALB (1062).jpg,1280,720,ALB,514,466,693,686
ALB (1080).jpg,1280,720,ALB,328,189,676,368
ALB (1080).jpg,1280,720,ALB,964,201,1071,514
ALB (830).jpg,1280,720,ALB,399,455,590,532
DOL (87).jpg,1280,720,DOL,701,279,821,379
ALB (350).jpg,1280,750,ALB,740,66,963,181
ALB (191).jpg,1280,720,ALB,677,362,910,540
ALB (1003).jpg,1280,720,ALB,290,318,647,466
ALB (1003).jpg,1280,720,ALB,212,222,524,298
ALB (1003).jpg,1280,720,ALB,297,81,686,229
ALB (1003).jpg,1280,720,ALB,60,137,262,233
SHARK (50).jpg,1280,974,SHARK,366,560,1164,810
ALB (34).jpg,1280,720,ALB,512,384,636,506
ALB (722).jpg,1280,720,ALB,593,350,782,545
ALB (1040).jpg,1280,750,ALB,232,312,512,435
ALB (687).jpg,1280,720,ALB,510,120,933,311
DOL (74).jpg,1280,720,DOL,210,410,498,534
ALB (841).jpg,1280,750,ALB,263,191,464,351
ALB (1054).jpg,1280,720,ALB,259,53,601,196
ALB (847).jpg,1280,750,ALB,366,249,667,370
ALB (257).jpg,1280,720,ALB,760,167,1149,381
ALB (257).jpg,1280,720,ALB,538,47,906,215
ALB (257).jpg,1280,720,ALB,110,168,524,366
ALB (490).jpg,1276,718,ALB,544,605,673,718
ALB (818).jpg,1280,750,ALB,408,208,833,422
ALB (1016).jpg,1280,750,ALB,123,477,285,681
DOL (19).jpg,1280,720,DOL,328,390,649,547
ALB (603).jpg,1280,974,ALB,739,495,1035,685
ALB (1115).jpg,1280,720,ALB,395,134,742,277
ALB (1115).jpg,1280,720,ALB,97,73,295,229
ALB (743).jpg,1280,750,ALB,380,172,723,425
ALB (868).jpg,1192,670,ALB,193,48,393,223
ALB (275).jpg,1280,720,ALB,490,180,897,332
ALB (275).jpg,1280,720,ALB,641,68,1107,249
ALB (275).jpg,1280,720,ALB,180,67,481,305
ALB (780).jpg,1280,720,ALB,489,154,950,307
ALB (780).jpg,1280,720,ALB,104,84,462,292
ALB (286).jpg,1276,718,ALB,390,236,557,376
ALB (1061).jpg,1280,750,ALB,566,274,749,444
ALB (862).jpg,1192,670,ALB,309,79,505,204
ALB (1116).jpg,1280,720,ALB,382,380,442,531
DOL (11).jpg,1280,720,DOL,393,409,641,514
ALB (126).jpg,1192,670,ALB,200,60,420,254
ALB (252).jpg,1280,720,ALB,507,391,654,609
ALB (252).jpg,1280,720,ALB,623,434,781,638
ALB (480).jpg,1276,718,ALB,664,131,797,314
DOL (62).jpg,1280,974,DOL,395,302,623,536
ALB (730).jpg,1280,720,ALB,492,134,882,290
ALB (267).jpg,1280,720,ALB,489,410,637,484
ALB (960).jpg,1280,750,ALB,358,204,759,401
ALB (211).jpg,1280,720,ALB,789,283,923,425
ALB (211).jpg,1280,720,ALB,649,414,833,563
DOL (94).jpg,1280,720,DOL,350,377,673,527
ALB (692).jpg,1280,720,ALB,351,381,521,510
ALB (581).jpg,1280,720,ALB,399,77,915,260
ALB (581).jpg,1280,720,ALB,828,157,1172,372
ALB (172).jpg,1280,720,ALB,525,103,985,516
ALB (224).jpg,1192,670,ALB,411,284,539,479
ALB (371).jpg,1280,720,ALB,627,346,806,512
ALB (1140).jpg,1280,720,ALB,749,276,828,407
ALB (354).jpg,1280,720,ALB,528,370,642,519
ALB (475).jpg,1280,720,ALB,311,55,993,212
ALB (833).jpg,1280,720,ALB,400,417,536,498
ALB (53).jpg,1280,720,ALB,403,377,572,503
ALB (916).jpg,1280,750,ALB,221,368,438,434
ALB (453).jpg,1280,750,ALB,866,478,1188,729
ALB (134).jpg,1280,924,ALB,338,55,602,184
ALB (1190).jpg,1280,720,ALB,820,273,893,370
ALB (773).jpg,1276,718,ALB,651,288,944,363
ALB (10).jpg,1280,750,ALB,292,278,399,444
ALB (1118).jpg,1276,718,ALB,552,597,634,708
ALB (604).jpg,1280,750,ALB,951,492,1067,649
ALB (440).jpg,1280,720,ALB,801,255,903,328
DOL (52).jpg,1280,974,DOL,460,548,722,789
ALB (496).jpg,1280,720,ALB,706,247,847,392
ALB (875).jpg,1280,750,ALB,333,227,642,356
ALB (965).jpg,1280,720,ALB,107,186,421,357
ALB (965).jpg,1280,720,ALB,520,101,853,251
SHARK (137).jpg,1280,720,SHARK,537,358,628,485
LAG (47).jpg,1280,720,LAG,693,88,1114,375
ALB (162).jpg,1280,720,ALB,490,453,625,507
ALB (238).jpg,1280,720,ALB,825,250,924,389
ALB (1032).jpg,1280,750,ALB,332,229,580,331
SHARK (40).jpg,1280,750,SHARK,236,226,777,331
ALB (390).jpg,1280,720,ALB,308,70,685,184
ALB (390).jpg,1280,720,ALB,516,125,899,203
ALB (390).jpg,1280,720,ALB,81,302,340,451
DOL (65).jpg,1280,720,DOL,382,405,708,511
ALB (676).jpg,1280,720,ALB,299,196,642,394
ALB (676).jpg,1280,720,ALB,762,344,967,459
ALB (56).jpg,1280,720,ALB,640,260,1069,432
ALB (56).jpg,1280,720,ALB,603,79,1017,258
ALB (56).jpg,1280,720,ALB,275,118,460,293
ALB (1048).jpg,1280,720,ALB,553,72,904,212
ALB (1048).jpg,1280,720,ALB,317,93,594,175
ALB (1002).jpg,1280,720,ALB,593,367,723,525
DOL (4).jpg,1280,750,DOL,159,320,577,459
ALB (1004).jpg,1276,718,ALB,735,292,852,371
ALB (1148).jpg,1192,670,ALB,209,63,400,218
ALB (413).jpg,1280,720,ALB,389,89,871,281
ALB (636).jpg,1280,720,ALB,466,368,579,492
ALB (553).jpg,1280,750,ALB,351,209,688,357
ALB (775).jpg,1280,720,ALB,503,120,880,240
ALB (120).jpg,1280,720,ALB,637,325,798,496
ALB (383).jpg,1192,670,ALB,197,56,413,219
ALB (745).jpg,1192,670,ALB,393,82,583,243
ALB (1046).jpg,1280,750,ALB,290,221,493,378
ALB (253).jpg,1280,720,ALB,262,411,434,475
ALB (987).jpg,1280,750,ALB,395,291,790,396
ALB (360).jpg,1280,750,ALB,353,227,664,408
ALB (284).jpg,1280,720,ALB,237,415,443,507
ALB (1107).jpg,1192,670,ALB,526,510,650,556
ALB (626).jpg,1280,720,ALB,588,384,681,514
ALB (1090).jpg,1280,750,ALB,267,221,412,377
SHARK (41).jpg,1280,720,SHARK,162,429,237,568
SHARK (41).jpg,1280,720,SHARK,101,451,194,589
ALB (30).jpg,1280,720,ALB,816,309,919,432
DOL (41).jpg,1280,750,DOL,246,292,468,472
ALB (670).jpg,1280,720,ALB,254,415,514,527
ALB (795).jpg,1280,720,ALB,504,162,859,302
SHARK (46).jpg,1280,974,SHARK,81,535,551,839
ALB (765).jpg,1280,720,ALB,837,281,1254,396
ALB (765).jpg,1280,720,ALB,592,184,1102,314
ALB (765).jpg,1280,720,ALB,462,71,1011,216
ALB (765).jpg,1280,720,ALB,1,259,171,336
ALB (575).jpg,1280,750,ALB,306,200,620,492
ALB (755).jpg,1280,720,ALB,290,422,512,514
DOL (10).jpg,1280,720,DOL,301,392,599,514
ALB (1064).jpg,1280,720,ALB,632,342,812,494
SHARK (60).jpg,1280,720,SHARK,460,416,642,523
ALB (688).jpg,1280,924,ALB,381,12,630,195
SHARK (138).jpg,1280,750,SHARK,182,212,682,315
ALB (445).jpg,1280,750,ALB,333,125,606,318
ALB (738).jpg,1280,720,ALB,386,397,592,553
ALB (199).jpg,1280,750,ALB,804,14,1082,159
ALB (561).jpg,1280,720,ALB,785,281,959,437
SHARK (86).jpg,1280,720,SHARK,463,419,685,558
ALB (114).jpg,1280,720,ALB,780,186,979,518
ALB (114).jpg,1280,720,ALB,862,415,1126,600
ALB (890).jpg,1280,720,ALB,547,357,702,538
ALB (266).jpg,1280,750,ALB,741,572,1084,718
ALB (208).jpg,1192,670,ALB,750,301,928,410
ALB (874).jpg,1192,670,ALB,597,45,636,91
ALB (874).jpg,1192,670,ALB,619,59,664,115
DOL (23).jpg,1280,974,DOL,437,561,991,801
DOL (23).jpg,1280,974,DOL,284,799,912,944
DOL (23).jpg,1280,974,DOL,94,764,467,872
ALB (967).jpg,1280,720,ALB,389,128,871,268
SHARK (126).jpg,1280,974,SHARK,332,527,1050,807
ALB (984).jpg,1280,720,ALB,372,373,566,524
ALB (803).jpg,1280,720,ALB,760,210,1032,406
ALB (45).jpg,1280,720,ALB,789,289,959,449
ALB (407).jpg,1280,720,ALB,945,149,1180,303
SHARK (5).jpg,1280,720,SHARK,490,360,616,492
ALB (115).jpg,1280,720,ALB,767,328,859,427
ALB (377).jpg,1280,750,ALB,380,265,727,356
ALB (700).jpg,1280,720,ALB,659,320,799,428
ALB (101).jpg,1280,720,ALB,711,370,792,531
ALB (584).jpg,1280,720,ALB,373,402,545,483
ALB (368).jpg,1280,720,ALB,681,437,862,688
ALB (37).jpg,1192,670,ALB,597,292,780,406
ALB (32).jpg,1280,750,ALB,210,364,425,504
ALB (138).jpg,1280,750,ALB,150,351,371,496
ALB (333).jpg,1280,974,ALB,131,260,409,552
SHARK (99).jpg,1280,720,SHARK,473,429,638,525
ALB (289).jpg,1280,720,ALB,627,175,1002,320
ALB (289).jpg,1280,720,ALB,677,86,1030,207
ALB (287).jpg,1192,670,ALB,345,13,508,184
LAG (39).jpg,1280,720,LAG,693,312,881,438
ALB (347).jpg,1280,720,ALB,328,80,847,234
ALB (748).jpg,1280,720,ALB,407,129,836,281
ALB (975).jpg,1280,720,ALB,263,402,468,522
LAG (42).jpg,1280,720,LAG,692,133,1092,377
ALB (41).jpg,1280,720,ALB,411,381,638,483
DOL (22).jpg,1280,974,DOL,466,420,837,583
ALB (38).jpg,1192,670,ALB,219,71,350,186
ALB (713).jpg,1280,720,ALB,486,131,1023,294
ALB (176).jpg,1280,720,ALB,324,376,528,498
DOL (53).jpg,1280,750,DOL,160,312,528,449
ALB (1005).jpg,1280,720,ALB,676,451,806,662
ALB (1005).jpg,1280,720,ALB,764,319,925,437
ALB (992).jpg,1192,670,ALB,769,298,881,371
DOL (84).jpg,1280,720,DOL,280,385,553,529
ALB (986).jpg,1280,720,ALB,597,149,1053,389
SHARK (125).jpg,1280,720,SHARK,497,340,660,479
ALB (945).jpg,1192,670,ALB,421,312,561,506
ALB (415).jpg,1280,720,ALB,332,405,567,570
ALB (395).jpg,1280,720,ALB,723,340,1201,560
ALB (797).jpg,1280,720,ALB,314,419,506,499
SHARK (10).jpg,1280,974,SHARK,337,544,1126,844
ALB (212).jpg,1276,718,ALB,683,285,870,356
ALB (212).jpg,1276,718,ALB,840,463,928,614
SHARK (65).jpg,1280,720,SHARK,169,454,246,562
SHARK (65).jpg,1280,720,SHARK,128,467,188,597
ALB (188).jpg,1280,720,ALB,706,420,881,614
ALB (50).jpg,1280,974,ALB,113,552,892,910
ALB (429).jpg,1280,750,ALB,773,572,1079,750
ALB (364).jpg,1280,720,ALB,568,60,920,210
ALB (40).jpg,1280,720,ALB,655,327,767,514
ALB (941).jpg,1280,720,ALB,356,389,584,485
ALB (70).jpg,1280,750,ALB,734,17,1058,185
ALB (955).jpg,1276,718,ALB,644,150,793,313
ALB (1045).jpg,1280,720,ALB,606,355,728,501
ALB (563).jpg,1280,720,ALB,737,212,1086,406
ALB (563).jpg,1280,720,ALB,785,71,1101,228
ALB (563).jpg,1280,720,ALB,910,218,1232,371
ALB (563).jpg,1280,720,ALB,795,414,1192,575
ALB (563).jpg,1280,720,ALB,351,62,751,179
ALB (203).jpg,1280,750,ALB,521,275,856,494
SHARK (120).jpg,1280,974,SHARK,389,538,1114,776
ALB (1142).jpg,1280,720,ALB,795,294,895,398
ALB (179).jpg,1280,720,ALB,602,344,745,540
ALB (179).jpg,1280,720,ALB,697,340,777,490
ALB (179).jpg,1280,720,ALB,769,258,855,367
ALB (908).jpg,1280,720,ALB,540,183,1067,368
ALB (1125).jpg,1192,670,ALB,288,58,386,203
ALB (1157).jpg,1280,720,ALB,302,141,695,379
ALB (1157).jpg,1280,720,ALB,353,70,742,205
ALB (1157).jpg,1280,720,ALB,677,89,1042,237
ALB (1157).jpg,1280,720,ALB,827,328,1160,528
ALB (68).jpg,1192,670,ALB,227,47,389,214
ALB (62).jpg,1276,718,ALB,579,223,691,404
DOL (13).jpg,1280,750,DOL,202,294,598,514
ALB (196).jpg,1192,670,ALB,219,52,375,225
ALB (915).jpg,1280,720,ALB,168,307,582,464
SHARK (64).jpg,1280,720,SHARK,488,441,638,519
ALB (108).jpg,1276,718,ALB,497,266,617,376
ALB (1089).jpg,1280,720,ALB,615,337,793,459
ALB (1189).jpg,1280,720,ALB,546,541,646,688
ALB (1189).jpg,1280,720,ALB,758,244,850,355
ALB (46).jpg,1280,720,ALB,799,375,919,510
ALB (46).jpg,1280,720,ALB,630,440,781,628
ALB (950).jpg,1280,720,ALB,532,415,671,589
ALB (950).jpg,1280,720,ALB,616,446,747,601
ALB (885).jpg,1280,720,ALB,524,411,688,599
ALB (885).jpg,1280,720,ALB,640,446,755,614
DOL (3).jpg,1280,720,DOL,404,379,645,531
ALB (486).jpg,1280,720,ALB,712,422,843,599
ALB (814).jpg,1280,750,ALB,151,327,397,522
ALB (433).jpg,1280,720,ALB,255,128,681,247
ALB (433).jpg,1280,720,ALB,654,72,1094,192
ALB (433).jpg,1280,720,ALB,576,199,940,455
ALB (433).jpg,1280,720,ALB,524,319,915,549
ALB (433).jpg,1280,720,ALB,404,449,904,627
ALB (433).jpg,1280,720,ALB,1,372,224,459
ALB (433).jpg,1280,720,ALB,40,119,145,337
ALB (714).jpg,1192,670,ALB,530,117,622,234
ALB (714).jpg,1192,670,ALB,572,131,637,198
ALB (714).jpg,1192,670,ALB,608,139,687,252
ALB (97).jpg,1280,720,ALB,808,270,937,396
ALB (820).jpg,1280,924,ALB,351,26,752,195
DOL (26).jpg,1280,974,DOL,422,548,691,691
ALB (779).jpg,1280,720,ALB,416,396,601,472
ALB (572).jpg,1280,720,ALB,479,233,881,355
ALB (572).jpg,1280,720,ALB,554,109,868,236
ALB (572).jpg,1280,720,ALB,672,77,960,202
ALB (572).jpg,1280,720,ALB,795,311,1127,433
ALB (572).jpg,1280,720,ALB,69,73,571,238
ALB (1028).jpg,1280,720,ALB,799,299,917,402
ALB (60).jpg,1280,720,ALB,514,160,979,338
ALB (834).jpg,1280,720,ALB,580,237,1150,389
ALB (834).jpg,1280,720,ALB,529,59,911,184
ALB (834).jpg,1280,720,ALB,177,159,550,305
ALB (834).jpg,1280,720,ALB,49,125,253,220
ALB (1082).jpg,1280,720,ALB,685,363,810,497
ALB (1146).jpg,1280,750,ALB,224,327,449,400
ALB (633).jpg,1280,750,ALB,341,220,730,339
ALB (699).jpg,1280,720,ALB,573,406,851,679
ALB (1070).jpg,1280,720,ALB,475,464,634,523
ALB (725).jpg,1192,670,ALB,211,46,416,256
ALB (216).jpg,1276,718,ALB,487,217,682,367
ALB (949).jpg,1280,720,ALB,630,347,750,502
ALB (866).jpg,1280,750,ALB,269,204,530,399
DOL (58).jpg,1280,750,DOL,175,339,512,513
ALB (607).jpg,1280,720,ALB,264,36,655,201
ALB (764).jpg,1280,720,ALB,628,407,846,625
ALB (450).jpg,1280,924,ALB,429,69,703,264
LAG (26).jpg,1280,720,LAG,827,323,990,464
ALB (1035).jpg,1280,720,ALB,649,416,734,636
ALB (1035).jpg,1280,720,ALB,832,307,933,401
ALB (1019).jpg,1280,720,ALB,356,403,525,481
ALB (744).jpg,1280,720,ALB,140,393,311,471
ALB (1170).jpg,1280,720,ALB,580,45,989,306
LAG (21).jpg,1280,720,LAG,634,183,1049,514
ALB (595).jpg,1280,750,ALB,639,568,1076,750
ALB (339).jpg,1280,720,ALB,692,51,950,196
ALB (821).jpg,1280,720,ALB,351,379,429,509
SHARK (22).jpg,1280,720,SHARK,497,322,676,531
ALB (472).jpg,1280,750,ALB,234,309,523,425
SHARK (54).jpg,1280,720,SHARK,481,420,654,528
SHARK (89).jpg,1280,720,SHARK,553,347,667,514
ALB (493).jpg,1280,720,ALB,745,166,1160,393
ALB (493).jpg,1280,720,ALB,546,62,945,222
ALB (493).jpg,1280,720,ALB,53,181,423,320
ALB (279).jpg,1280,720,ALB,777,286,943,414
ALB (882).jpg,1192,670,ALB,199,65,405,232
ALB (1017).jpg,1280,720,ALB,540,478,689,670
ALB (715).jpg,1280,720,ALB,327,394,662,514
ALB (249).jpg,1192,670,ALB,203,64,436,231
ALB (1176).jpg,1280,720,ALB,730,336,1143,481
ALB (389).jpg,1280,924,ALB,438,105,588,249
ALB (27).jpg,1280,720,ALB,293,402,442,496
SHARK (68).jpg,1280,750,SHARK,419,214,994,385
ALB (130).jpg,1280,720,ALB,268,416,453,506
ALB (628).jpg,1280,750,ALB,606,311,1059,443
ALB (628).jpg,1280,750,ALB,580,217,993,375
ALB (628).jpg,1280,750,ALB,479,113,920,281
ALB (628).jpg,1280,750,ALB,854,369,1156,621
ALB (125).jpg,1280,720,ALB,719,246,832,377
ALB (473).jpg,1192,670,ALB,192,58,317,320
ALB (156).jpg,1280,720,ALB,680,441,810,680
ALB (156).jpg,1280,720,ALB,795,315,930,441
ALB (402).jpg,1276,718,ALB,539,487,661,718
ALB (886).jpg,1280,720,ALB,534,180,946,349
LAG (41).jpg,1280,720,LAG,542,158,958,464
DOL (88).jpg,1280,974,DOL,419,397,772,547
ALB (669).jpg,1280,720,ALB,679,341,812,527
ALB (129).jpg,1280,720,ALB,702,241,892,490
DOL (59).jpg,1280,720,DOL,346,412,586,527
ALB (694).jpg,1280,750,ALB,247,317,472,431
ALB (1081).jpg,1280,750,ALB,746,672,1203,743
ALB (290).jpg,1280,720,ALB,777,180,1114,377
ALB (290).jpg,1280,720,ALB,546,62,968,233
ALB (290).jpg,1280,720,ALB,138,193,519,355
ALB (88).jpg,1280,720,ALB,306,418,532,497
SHARK (112).jpg,1280,974,SHARK,387,554,895,761
LAG (13).jpg,1280,720,LAG,599,333,854,503
ALB (246).jpg,1280,750,ALB,312,230,546,411
ALB (448).jpg,1280,720,ALB,297,397,490,490
ALB (1014).jpg,1276,718,ALB,492,350,625,558
ALB (664).jpg,1280,974,ALB,410,717,782,863
ALB (613).jpg,1192,670,ALB,598,134,671,189
ALB (613).jpg,1192,670,ALB,941,273,1021,352
ALB (732).jpg,1280,750,ALB,428,214,773,453
ALB (260).jpg,1280,720,ALB,558,163,1114,355
ALB (260).jpg,1280,720,ALB,519,86,963,228
ALB (260).jpg,1280,720,ALB,895,262,1230,434
ALB (1044).jpg,1280,720,ALB,650,215,1062,351
ALB (1044).jpg,1280,720,ALB,521,73,924,220
ALB (1044).jpg,1280,720,ALB,180,168,523,319
ALB (1044).jpg,1280,720,ALB,77,131,268,212
SHARK (110).jpg,1280,750,SHARK,224,207,758,353
DOL (76).jpg,1280,974,DOL,264,261,454,423
ALB (307).jpg,1280,720,ALB,623,329,823,459
ALB (606).jpg,1280,750,ALB,212,349,449,469
DOL (61).jpg,1280,720,DOL,286,409,593,567
ALB (659).jpg,1280,720,ALB,738,59,1121,262
ALB (659).jpg,1280,720,ALB,377,50,830,180
ALB (659).jpg,1280,720,ALB,425,206,880,347
SHARK (62).jpg,1280,720,SHARK,469,419,624,533
ALB (169).jpg,1280,720,ALB,550,492,686,655
ALB (169).jpg,1280,720,ALB,758,259,841,383
ALB (1131).jpg,1280,720,ALB,504,89,906,254
ALB (1131).jpg,1280,720,ALB,88,159,377,349
ALB (1181).jpg,1276,718,ALB,739,292,867,374
ALB (855).jpg,1192,670,ALB,482,476,581,636
ALB (272).jpg,1280,720,ALB,558,46,977,234
ALB (272).jpg,1280,720,ALB,102,107,401,203
ALB (878).jpg,1280,720,ALB,620,350,965,505
ALB (878).jpg,1280,720,ALB,234,89,615,223
ALB (639).jpg,1280,720,ALB,211,410,442,497
ALB (499).jpg,1280,924,ALB,375,69,582,207
ALB (207).jpg,1280,720,ALB,742,254,827,384
ALB (280).jpg,1280,720,ALB,232,60,619,189
ALB (280).jpg,1280,720,ALB,163,273,508,449
ALB (280).jpg,1280,720,ALB,27,107,192,227
ALB (630).jpg,1280,720,ALB,438,367,592,488
ALB (861).jpg,1280,720,ALB,528,406,671,573
ALB (861).jpg,1280,720,ALB,604,433,760,628
ALB (237).jpg,1280,720,ALB,420,73,812,314
ALB (237).jpg,1280,720,ALB,788,125,1184,310
ALB (237).jpg,1280,720,ALB,51,53,294,229
ALB (495).jpg,1280,750,ALB,942,492,1049,626
ALB (592).jpg,1280,720,ALB,388,377,510,541
ALB (441).jpg,1280,750,ALB,593,585,1143,739
ALB (409).jpg,1280,720,ALB,366,433,555,523
ALB (154).jpg,1280,924,ALB,572,159,724,290
SHARK (109).jpg,1280,974,SHARK,351,569,1062,882
SHARK (129).jpg,1280,750,SHARK,238,221,742,429
ALB (313).jpg,1280,720,ALB,351,46,693,168
ALB (313).jpg,1280,720,ALB,733,71,1147,236
ALB (313).jpg,1280,720,ALB,943,196,1212,337
ALB (313).jpg,1280,720,ALB,745,215,1133,424
ALB (313).jpg,1280,720,ALB,862,405,1155,564
ALB (873).jpg,1280,924,ALB,409,73,655,250
ALB (458).jpg,1280,720,ALB,851,264,959,393
ALB (1136).jpg,1280,750,ALB,745,57,986,203
ALB (456).jpg,1280,720,ALB,408,372,610,499
ALB (1098).jpg,1192,670,ALB,910,201,983,242
ALB (570).jpg,1280,720,ALB,819,306,953,463
ALB (678).jpg,1280,720,ALB,602,323,789,509
ALB (846).jpg,1280,720,ALB,525,434,746,609
ALB (165).jpg,1280,720,ALB,819,284,945,420
SHARK (33).jpg,1280,720,SHARK,179,447,210,581
SHARK (33).jpg,1280,720,SHARK,95,463,206,590
ALB (193).jpg,1280,720,ALB,260,158,754,441
ALB (193).jpg,1280,720,ALB,947,175,1082,568
ALB (1010).jpg,1280,720,ALB,298,437,504,519
ALB (618).jpg,1192,670,ALB,833,207,936,284
ALB (399).jpg,1192,670,ALB,552,107,608,221
ALB (399).jpg,1192,670,ALB,597,110,639,217
ALB (399).jpg,1192,670,ALB,623,142,670,229
ALB (1067).jpg,1280,750,ALB,329,181,572,337
ALB (804).jpg,1280,720,ALB,503,77,1042,231
ALB (804).jpg,1280,720,ALB,115,170,436,355
ALB (809).jpg,1280,720,ALB,827,167,1269,392
ALB (848).jpg,1280,720,ALB,733,289,842,410
ALB (1065).jpg,1280,750,ALB,466,625,767,722
ALB (569).jpg,1280,720,ALB,542,379,824,502
ALB (569).jpg,1280,720,ALB,746,203,920,583
ALB (600).jpg,1280,720,ALB,630,333,827,441
ALB (1074).jpg,1192,670,ALB,227,54,359,218
ALB (361).jpg,1280,720,ALB,298,386,459,477
ALB (1039).jpg,1276,718,ALB,465,405,695,567
ALB (2).jpg,1280,720,ALB,284,97,666,401
ALB (2).jpg,1280,720,ALB,375,54,755,193
ALB (2).jpg,1280,720,ALB,664,73,1041,215
ALB (2).jpg,1280,720,ALB,815,284,1192,531
ALB (696).jpg,1280,750,ALB,769,44,1020,205
ALB (157).jpg,1280,924,ALB,378,15,600,163
ALB (372).jpg,1280,720,ALB,789,292,895,394
ALB (54).jpg,1280,720,ALB,819,276,904,403
ALB (1198).jpg,1280,750,ALB,306,195,524,394
ALB (288).jpg,1280,720,ALB,458,20,879,214
SHARK (48).jpg,1280,974,SHARK,317,533,1081,757
ALB (674).jpg,1280,720,ALB,741,167,1077,349
ALB (674).jpg,1280,720,ALB,527,54,903,206
ALB (674).jpg,1280,720,ALB,125,147,403,312
SHARK (44).jpg,1280,974,SHARK,357,561,970,799
ALB (622).jpg,1280,720,ALB,582,337,776,541
ALB (897).jpg,1280,750,ALB,763,52,993,179
ALB (259).jpg,1280,720,ALB,641,299,912,441
ALB (642).jpg,1280,720,ALB,256,184,679,390
ALB (642).jpg,1280,720,ALB,919,172,1136,536
ALB (741).jpg,1280,750,ALB,280,186,554,431
ALB (1015).jpg,1280,720,ALB,779,183,1115,375
ALB (1015).jpg,1280,720,ALB,528,71,890,196
ALB (1015).jpg,1280,720,ALB,125,209,455,303
ALB (1015).jpg,1280,720,ALB,645,499,645,499
ALB (1066).jpg,1276,718,ALB,675,159,762,328
ALB (299).jpg,1280,720,ALB,277,53,597,179
ALB (299).jpg,1280,720,ALB,580,147,986,323
ALB (726).jpg,1192,670,ALB,392,103,636,295
ALB (370).jpg,1280,720,ALB,290,445,484,506
ALB (1149).jpg,1280,720,ALB,501,158,976,396
ALB (711).jpg,1280,720,ALB,207,424,395,512
SHARK (71).jpg,1280,720,SHARK,162,434,238,544
SHARK (71).jpg,1280,720,SHARK,115,473,202,592
DOL (1).jpg,1280,720,DOL,347,402,672,515
SHARK (18).jpg,1280,720,SHARK,546,344,643,499
ALB (21).jpg,1280,720,ALB,434,354,559,529
DOL (85).jpg,1280,720,DOL,403,407,675,507
ALB (1155).jpg,1280,720,ALB,171,420,353,488
ALB (164).jpg,1280,720,ALB,275,49,663,253
ALB (164).jpg,1280,720,ALB,646,67,1011,218
ALB (11).jpg,1280,720,ALB,758,249,840,402
ALB (1186).jpg,1280,720,ALB,366,223,803,397
ALB (658).jpg,1280,720,ALB,499,50,845,179
ALB (719).jpg,1280,720,ALB,733,255,930,402
SHARK (74).jpg,1280,974,SHARK,3,501,544,797
DOL (90).jpg,1280,720,DOL,367,397,673,528
ALB (849).jpg,1280,720,ALB,277,183,764,392
ALB (849).jpg,1280,720,ALB,902,198,1111,518
ALB (666).jpg,1280,720,ALB,182,367,425,542
SHARK (107).jpg,1280,974,SHARK,3,492,623,911
ALB (1059).jpg,1280,720,ALB,217,262,520,388
ALB (1059).jpg,1280,720,ALB,415,125,782,242
ALB (1059).jpg,1280,720,ALB,595,75,997,197
ALB (1059).jpg,1280,720,ALB,901,210,1186,332
ALB (940).jpg,1280,750,ALB,820,588,1181,750
SHARK (17).jpg,1280,974,SHARK,359,526,967,758
ALB (489).jpg,1280,720,ALB,341,175,723,397
ALB (489).jpg,1280,720,ALB,947,196,1107,534
ALB (393).jpg,1280,720,ALB,494,216,915,385
ALB (393).jpg,1280,720,ALB,533,94,802,229
ALB (393).jpg,1280,720,ALB,641,55,1050,227
ALB (393).jpg,1280,720,ALB,1,57,534,192
ALB (393).jpg,1280,720,ALB,768,307,1245,486
ALB (644).jpg,1280,720,ALB,299,184,698,418
ALB (644).jpg,1280,720,ALB,382,63,807,216
ALB (644).jpg,1280,720,ALB,636,72,1029,205
ALB (644).jpg,1280,720,ALB,814,314,1123,488
DOL (66).jpg,1280,720,DOL,221,419,489,534
ALB (270).jpg,1280,720,ALB,272,167,711,410
ALB (270).jpg,1280,720,ALB,950,185,1094,540
ALB (1012).jpg,1280,720,ALB,873,202,1136,345
ALB (681).jpg,1276,718,ALB,523,228,723,439
ALB (956).jpg,1280,720,ALB,721,408,837,686
LAG (46).jpg,1280,720,LAG,817,316,1006,434
ALB (282).jpg,1276,718,ALB,535,320,671,405
ALB (42).jpg,1276,718,ALB,508,189,597,348
ALB (1020).jpg,1280,750,ALB,695,569,1092,750
ALB (896).jpg,1280,974,ALB,238,235,504,407
ALB (408).jpg,1280,750,ALB,62,311,285,495
ALB (867).jpg,1280,720,ALB,495,390,730,492
ALB (98).jpg,1280,720,ALB,337,183,690,332
ALB (98).jpg,1280,720,ALB,577,86,879,193
ALB (98).jpg,1280,720,ALB,507,398,849,538
ALB (740).jpg,1280,720,ALB,806,267,924,386
ALB (660).jpg,1280,974,ALB,262,172,469,289
ALB (609).jpg,1280,720,ALB,823,280,906,367
ALB (331).jpg,1280,720,ALB,816,293,1269,509
DOL (25).jpg,1280,974,DOL,529,449,848,729
ALB (1158).jpg,1280,720,ALB,441,220,933,350
ALB (1158).jpg,1280,720,ALB,504,110,854,276
ALB (1158).jpg,1280,720,ALB,668,83,1004,219
ALB (1158).jpg,1280,720,ALB,808,311,1175,455
ALB (1158).jpg,1280,720,ALB,63,92,555,220
ALB (1174).jpg,1280,720,ALB,434,384,569,484
ALB (135).jpg,1280,750,ALB,941,486,1064,600
ALB (159).jpg,1280,720,ALB,775,346,915,455
ALB (385).jpg,1280,720,ALB,808,224,1156,420
ALB (556).jpg,1280,720,ALB,1034,234,1275,359
SHARK (52).jpg,1280,720,SHARK,533,373,610,466
ALB (1018).jpg,1280,720,ALB,336,446,734,702
ALB (1018).jpg,1280,720,ALB,329,54,742,251
LAG (1).jpg,1280,720,LAG,582,149,1095,507
ALB (1058).jpg,1192,670,ALB,250,67,369,209
ALB (277).jpg,1280,750,ALB,280,248,417,453
DOL (67).jpg,1280,750,DOL,190,344,750,527
ALB (620).jpg,1280,750,ALB,882,425,1120,498
ALB (679).jpg,1192,670,ALB,417,50,559,219
ALB (1095).jpg,1280,720,ALB,414,407,528,516
SHARK (66).jpg,1280,974,SHARK,4,473,514,810
ALB (481).jpg,1280,750,ALB,456,431,660,547
ALB (219).jpg,1280,720,ALB,437,386,579,501
DOL (14).jpg,1280,974,DOL,394,422,566,682
ALB (597).jpg,1280,750,ALB,1,354,220,537
SHARK (116).jpg,1280,720,SHARK,525,347,699,568
ALB (311).jpg,1280,720,ALB,754,272,898,427
ALB (261).jpg,1280,750,ALB,197,253,343,416
LAG (3).jpg,1280,720,LAG,697,281,903,434
ALB (1092).jpg,1280,720,ALB,389,173,756,347
ALB (432).jpg,1280,750,ALB,867,426,1037,562
SHARK (102).jpg,1280,720,SHARK,520,345,643,498
ALB (438).jpg,1280,720,ALB,330,179,820,411
ALB (438).jpg,1280,720,ALB,951,188,1121,549
ALB (637).jpg,1280,720,ALB,523,375,719,594
ALB (637).jpg,1280,720,ALB,629,407,801,620
ALB (1083).jpg,1280,750,ALB,341,237,573,327
ALB (94).jpg,1280,720,ALB,697,357,1079,515
ALB (94).jpg,1280,720,ALB,221,109,619,227
ALB (966).jpg,1280,720,ALB,310,183,728,405
ALB (966).jpg,1280,720,ALB,853,179,1098,558
ALB (853).jpg,1192,670,ALB,421,37,565,237
ALB (588).jpg,1280,720,ALB,256,70,608,197
ALB (375).jpg,1280,720,ALB,663,416,854,577
ALB (375).jpg,1280,720,ALB,794,270,928,431
ALB (263).jpg,1280,720,ALB,267,62,610,184
SHARK (28).jpg,1280,720,SHARK,521,353,629,497
ALB (864).jpg,1280,720,ALB,433,375,590,509
ALB (291).jpg,1280,720,ALB,408,357,572,490
ALB (291).jpg,1280,720,ALB,172,585,337,646
ALB (709).jpg,1276,718,ALB,479,396,609,641
ALB (565).jpg,1280,720,ALB,569,157,914,527
ALB (721).jpg,1276,718,ALB,500,235,769,461
ALB (302).jpg,1280,974,ALB,63,554,834,892
LAG (16).jpg,1280,720,LAG,827,302,1015,481
ALB (555).jpg,1192,670,ALB,220,60,388,219
ALB (153).jpg,1276,718,ALB,631,213,810,383
ALB (641).jpg,1280,720,ALB,656,350,801,584
ALB (1123).jpg,1192,670,ALB,517,584,632,670
ALB (117).jpg,1276,718,ALB,557,288,697,439
ALB (1037).jpg,1280,720,ALB,369,122,760,272
ALB (1037).jpg,1280,720,ALB,776,138,1115,311
ALB (1037).jpg,1280,720,ALB,107,81,302,234
SHARK (78).jpg,1280,750,SHARK,403,211,1033,424
ALB (319).jpg,1280,720,ALB,627,334,780,501
ALB (634).jpg,1192,670,ALB,232,79,387,215
SHARK (117).jpg,1280,720,SHARK,493,414,664,520
SHARK (90).jpg,1280,720,SHARK,508,364,603,458
ALB (382).jpg,1280,720,ALB,714,264,1032,407
ALB (119).jpg,1276,718,ALB,471,430,610,644
ALB (1196).jpg,1280,720,ALB,215,303,555,577
ALB (1196).jpg,1280,720,ALB,510,66,937,181
DOL (27).jpg,1280,750,DOL,220,278,643,517
ALB (301).jpg,1280,720,ALB,571,406,686,555
ALB (301).jpg,1280,720,ALB,581,459,719,644
ALB (301).jpg,1280,720,ALB,777,277,888,398
ALB (301).jpg,1280,720,ALB,856,303,929,403
ALB (230).jpg,1280,720,ALB,754,162,1046,333
ALB (230).jpg,1280,720,ALB,567,83,920,207
ALB (230).jpg,1280,720,ALB,124,194,507,341
ALB (922).jpg,1280,750,ALB,634,605,1131,750
ALB (435).jpg,1280,924,ALB,565,108,903,267
ALB (1110).jpg,1280,720,ALB,198,127,556,280
ALB (1110).jpg,1280,720,ALB,507,73,925,240
DOL (79).jpg,1280,720,DOL,333,386,628,497
ALB (417).jpg,1276,718,ALB,688,135,800,311
ALB (183).jpg,1276,718,ALB,719,250,918,395
ALB (90).jpg,1280,924,ALB,459,150,561,246
SHARK (8).jpg,1280,974,SHARK,372,588,1059,776
DOL (44).jpg,1280,750,DOL,111,370,320,452
ALB (931).jpg,1280,720,ALB,315,406,510,493
DOL (77).jpg,1280,720,DOL,386,372,716,529
ALB (695).jpg,1280,720,ALB,830,177,1280,364
ALB (292).jpg,1280,750,ALB,747,31,1036,187
ALB (754).jpg,1280,720,ALB,290,397,523,525
ALB (293).jpg,1280,720,ALB,273,419,428,490
SHARK (101).jpg,1280,750,SHARK,325,124,947,434
DOL (83).jpg,1280,974,DOL,470,624,963,823
DOL (83).jpg,1280,974,DOL,253,783,844,970
DOL (83).jpg,1280,974,DOL,56,752,482,869
ALB (308).jpg,1280,750,ALB,342,213,721,395
LAG (8).jpg,1280,720,LAG,686,93,1134,488
SHARK (133).jpg,1280,974,SHARK,527,196,893,256
ALB (594).jpg,1192,670,ALB,428,341,537,550
ALB (478).jpg,1280,720,ALB,678,372,867,554
ALB (926).jpg,1280,750,ALB,604,537,1180,750
ALB (645).jpg,1280,720,ALB,533,170,964,307
ALB (559).jpg,1280,720,ALB,751,183,1230,424
SHARK (141).jpg,1280,750,SHARK,406,183,1042,399
ALB (121).jpg,1280,720,ALB,673,422,799,668
ALB (428).jpg,1280,720,ALB,763,283,938,380
ALB (917).jpg,1280,720,ALB,502,463,699,719
ALB (683).jpg,1280,750,ALB,671,125,793,355
ALB (577).jpg,1280,720,ALB,621,428,769,640
ALB (577).jpg,1280,720,ALB,799,325,886,490
ALB (33).jpg,1192,670,ALB,909,192,1088,309
ALB (937).jpg,1280,720,ALB,188,138,593,284
ALB (937).jpg,1280,720,ALB,495,59,899,206
SHARK (111).jpg,1280,720,SHARK,463,425,703,559
ALB (488).jpg,1280,720,ALB,673,319,927,466
ALB (826).jpg,1280,720,ALB,606,337,823,470
ALB (85).jpg,1280,720,ALB,262,68,645,198
ALB (85).jpg,1280,720,ALB,689,199,1123,360
ALB (988).jpg,1280,720,ALB,742,396,1207,581
SHARK (55).jpg,1280,720,SHARK,527,359,641,492
ALB (241).jpg,1280,720,ALB,914,189,1193,366
ALB (198).jpg,1280,720,ALB,488,354,654,511
ALB (772).jpg,1280,720,ALB,558,51,1040,280
ALB (321).jpg,1280,720,ALB,176,405,488,571
ALB (1060).jpg,1280,924,ALB,367,19,575,176
ALB (218).jpg,1280,720,ALB,756,183,1147,386
ALB (218).jpg,1280,720,ALB,598,63,951,159
ALB (218).jpg,1280,720,ALB,123,168,495,418
ALB (589).jpg,1280,720,ALB,617,415,754,606
ALB (589).jpg,1280,720,ALB,833,289,940,442
ALB (989).jpg,1280,750,ALB,367,275,824,435
ALB (210).jpg,1276,718,ALB,564,233,679,419
ALB (749).jpg,1280,750,ALB,764,55,1045,153
ALB (255).jpg,1280,720,ALB,802,244,1160,420
ALB (255).jpg,1280,720,ALB,682,73,1077,202
ALB (255).jpg,1280,720,ALB,402,89,767,212
ALB (1104).jpg,1192,670,ALB,423,109,526,207
ALB (1077).jpg,1192,670,ALB,530,592,619,670
ALB (190).jpg,1192,670,ALB,130,147,316,384
ALB (893).jpg,1280,750,ALB,201,338,385,435
ALB (182).jpg,1280,720,ALB,1033,202,1272,379
ALB (1101).jpg,1280,750,ALB,315,240,590,346
ALB (362).jpg,1280,720,ALB,607,351,721,536
ALB (362).jpg,1280,720,ALB,698,337,811,498
ALB (910).jpg,1280,720,ALB,623,337,943,506
ALB (672).jpg,1276,718,ALB,635,174,727,361
SHARK (25).jpg,1280,974,SHARK,389,569,1004,808
ALB (698).jpg,1192,670,ALB,443,614,506,670
ALB (1029).jpg,1280,720,ALB,385,441,566,515
SHARK (98).jpg,1280,720,SHARK,160,431,238,568
SHARK (98).jpg,1280,720,SHARK,112,455,204,606
ALB (1124).jpg,1280,720,ALB,186,97,633,301
ALB (1124).jpg,1280,720,ALB,634,89,956,232
ALB (624).jpg,1280,720,ALB,627,345,798,496
SHARK (67).jpg,1280,974,SHARK,10,480,510,792
ALB (202).jpg,1280,720,ALB,468,110,988,342
ALB (202).jpg,1280,720,ALB,540,58,1021,227
ALB (202).jpg,1280,720,ALB,142,214,514,380
ALB (1031).jpg,1280,720,ALB,827,279,898,384
ALB (612).jpg,1192,670,ALB,198,68,321,302
ALB (447).jpg,1280,750,ALB,927,475,995,660
LAG (29).jpg,1280,720,LAG,699,306,888,441
ALB (457).jpg,1280,720,ALB,233,396,469,532
ALB (215).jpg,1280,720,ALB,815,270,1192,373
ALB (316).jpg,1280,720,ALB,738,275,890,393
ALB (585).jpg,1280,720,ALB,324,386,517,479
ALB (430).jpg,1280,720,ALB,402,390,586,485
SHARK (39).jpg,1280,720,SHARK,171,442,242,575
SHARK (39).jpg,1280,720,SHARK,104,455,195,596
ALB (939).jpg,1280,720,ALB,201,149,586,285
ALB (939).jpg,1280,720,ALB,492,76,915,181
ALB (244).jpg,1280,720,ALB,607,447,824,637
ALB (148).jpg,1280,720,ALB,497,51,828,263
ALB (452).jpg,1280,720,ALB,319,397,469,506
DOL (34).jpg,1280,720,DOL,717,257,803,457
ALB (914).jpg,1280,720,ALB,660,437,776,525
ALB (914).jpg,1280,720,ALB,742,263,869,386
DOL (72).jpg,1280,974,DOL,451,430,941,677
ALB (414).jpg,1280,720,ALB,216,410,403,496
ALB (1084).jpg,1280,720,ALB,1030,223,1240,334
ALB (710).jpg,1280,924,ALB,414,53,712,171
ALB (919).jpg,1280,750,ALB,395,142,667,335
ALB (247).jpg,1280,720,ALB,189,392,389,470
ALB (652).jpg,1280,974,ALB,287,197,500,349
ALB (892).jpg,1280,720,ALB,429,401,690,493
ALB (909).jpg,1280,720,ALB,619,97,1008,342
LAG (5).jpg,1280,720,LAG,603,189,1034,444
ALB (173).jpg,1280,720,ALB,364,399,540,525
ALB (173).jpg,1280,720,ALB,86,473,216,666
SHARK (63).jpg,1280,720,SHARK,484,429,629,533
ALB (24).jpg,1280,750,ALB,750,56,949,192
SHARK (92).jpg,1280,974,SHARK,362,570,1064,858
ALB (186).jpg,1276,718,ALB,488,222,643,348
ALB (477).jpg,1280,720,ALB,406,363,594,516
ALB (901).jpg,1280,720,ALB,321,177,692,381
ALB (901).jpg,1280,720,ALB,933,177,1081,540
ALB (338).jpg,1280,720,ALB,690,358,920,573
ALB (840).jpg,1280,720,ALB,469,236,1002,555
ALB (160).jpg,1280,750,ALB,586,509,1121,750
ALB (562).jpg,1280,720,ALB,773,251,899,340
ALB (1).jpg,1280,720,ALB,536,151,950,347
ALB (59).jpg,1280,720,ALB,360,390,586,476
ALB (781).jpg,1280,720,ALB,298,376,603,557
SHARK (79).jpg,1280,750,SHARK,266,183,742,366
ALB (839).jpg,1280,720,ALB,468,371,906,540
ALB (132).jpg,1280,924,ALB,343,21,690,125
ALB (388).jpg,1276,718,ALB,502,263,639,366
ALB (811).jpg,1192,670,ALB,471,297,715,404
DOL (37).jpg,1280,720,DOL,686,267,804,367
SHARK (72).jpg,1280,720,SHARK,556,345,640,484
SHARK (91).jpg,1280,720,SHARK,484,416,620,522
ALB (935).jpg,1280,720,ALB,432,454,659,534
ALB (858).jpg,1280,720,ALB,655,238,1019,527
ALB (404).jpg,1280,720,ALB,532,345,699,568
ALB (677).jpg,1280,720,ALB,502,371,690,596
ALB (677).jpg,1280,720,ALB,602,419,758,624
LAG (49).jpg,1280,720,LAG,754,299,1033,518
LAG (17).jpg,1280,720,LAG,660,310,914,463
ALB (667).jpg,1280,720,ALB,181,358,430,511
SHARK (88).jpg,1280,720,SHARK,549,338,658,507
ALB (911).jpg,1192,670,ALB,206,65,426,240
SHARK (32).jpg,1280,974,SHARK,1,473,539,811
ALB (831).jpg,1280,720,ALB,356,90,793,206
ALB (831).jpg,1280,720,ALB,842,151,1280,315
ALB (831).jpg,1280,720,ALB,688,411,1019,557
ALB (789).jpg,1280,750,ALB,414,131,733,299
ALB (420).jpg,1280,720,ALB,602,403,834,620
ALB (170).jpg,1280,750,ALB,207,375,541,521
ALB (587).jpg,1280,720,ALB,359,396,523,463
ALB (1122).jpg,1280,720,ALB,171,190,498,331
ALB (1122).jpg,1280,720,ALB,82,145,267,227
ALB (1122).jpg,1280,720,ALB,549,93,814,264
ALB (1122).jpg,1280,720,ALB,662,75,1019,215
ALB (1122).jpg,1280,720,ALB,785,186,1130,403
ALB (1122).jpg,1280,720,ALB,549,264,936,479
ALB (1122).jpg,1280,720,ALB,488,320,649,453
ALB (880).jpg,1280,720,ALB,764,151,1081,446
SHARK (134).jpg,1280,720,SHARK,467,432,698,553
ALB (756).jpg,1280,720,ALB,584,450,830,685
ALB (1183).jpg,1280,720,ALB,724,310,833,446
ALB (329).jpg,1280,720,ALB,390,406,466,542
ALB (796).jpg,1280,720,ALB,363,136,717,324
ALB (136).jpg,1280,720,ALB,817,136,1225,331
ALB (653).jpg,1280,720,ALB,327,233,645,333
ALB (653).jpg,1280,720,ALB,316,88,603,175
ALB (653).jpg,1280,720,ALB,979,203,1198,312
ALB (242).jpg,1280,720,ALB,816,242,886,366
ALB (835).jpg,1280,720,ALB,464,379,632,466
ALB (268).jpg,1280,750,ALB,523,253,840,465
ALB (766).jpg,1280,720,ALB,546,83,1029,211
ALB (418).jpg,1280,720,ALB,642,429,764,684
ALB (418).jpg,1280,720,ALB,814,281,958,428
ALB (91).jpg,1280,720,ALB,193,251,638,347
ALB (91).jpg,1280,720,ALB,43,127,312,271
ALB (91).jpg,1280,720,ALB,507,92,871,305
ALB (91).jpg,1280,720,ALB,672,88,1024,207
ALB (91).jpg,1280,720,ALB,755,158,1164,350
ALB (91).jpg,1280,720,ALB,662,246,906,390
ALB (91).jpg,1280,720,ALB,550,333,777,485
ALB (18).jpg,1280,924,ALB,393,109,751,262
ALB (1103).jpg,1280,924,ALB,343,5,576,102
ALB (444).jpg,1280,750,ALB,266,149,476,298
ALB (294).jpg,1280,720,ALB,525,479,655,698
DOL (68).jpg,1280,974,DOL,403,432,567,608
ALB (463).jpg,1280,750,ALB,230,313,536,469
ALB (15).jpg,1280,720,ALB,702,415,867,520
DOL (73).jpg,1280,974,DOL,451,411,778,579
ALB (158).jpg,1280,750,ALB,358,221,717,382
ALB (792).jpg,1192,670,ALB,325,121,564,342
DOL (51).jpg,1280,750,DOL,107,298,468,505
ALB (240).jpg,1192,670,ALB,214,57,403,240
ALB (610).jpg,1192,670,ALB,515,519,647,580
ALB (769).jpg,1280,720,ALB,672,386,892,614
ALB (739).jpg,1280,720,ALB,282,51,668,159
ALB (739).jpg,1280,720,ALB,717,64,1234,241
ALB (739).jpg,1280,720,ALB,872,206,1182,331
ALB (739).jpg,1280,720,ALB,671,207,1108,345
ALB (739).jpg,1280,720,ALB,855,381,1128,549
ALB (142).jpg,1280,720,ALB,558,88,993,258
ALB (1147).jpg,1280,974,ALB,47,252,269,445
SHARK (1).jpg,1280,720,SHARK,506,340,646,514
ALB (1049).jpg,1280,720,ALB,536,542,999,663
ALB (1049).jpg,1280,720,ALB,575,414,997,592
ALB (1049).jpg,1280,720,ALB,507,236,911,342
ALB (1049).jpg,1280,720,ALB,298,185,645,322
ALB (1049).jpg,1280,720,ALB,297,60,589,206
ALB (1049).jpg,1280,720,ALB,104,170,258,316
ALB (1049).jpg,1280,720,ALB,217,328,516,433
ALB (1049).jpg,1280,720,ALB,219,441,560,562
ALB (92).jpg,1280,750,ALB,242,247,347,390
ALB (712).jpg,1192,670,ALB,881,295,1044,406
SHARK (7).jpg,1280,750,SHARK,245,195,833,343
ALB (776).jpg,1280,720,ALB,329,151,671,375
ALB (776).jpg,1280,720,ALB,894,171,1167,537
ALB (297).jpg,1280,720,ALB,328,380,472,503
SHARK (84).jpg,1280,750,SHARK,246,187,694,375
DOL (36).jpg,1280,750,DOL,164,313,575,469
ALB (944).jpg,1280,720,ALB,624,336,828,497
DOL (78).jpg,1280,750,DOL,108,322,401,500
ALB (106).jpg,1280,720,ALB,717,328,823,451
ALB (468).jpg,1280,720,ALB,593,432,836,693
ALB (468).jpg,1280,720,ALB,790,332,902,397
ALB (997).jpg,1280,720,ALB,925,215,1108,529
ALB (997).jpg,1280,720,ALB,320,159,612,364
ALB (65).jpg,1280,720,ALB,717,340,1115,497
ALB (1042).jpg,1280,720,ALB,520,120,962,355
ALB (455).jpg,1276,718,ALB,587,269,741,418
SHARK (37).jpg,1280,750,SHARK,241,237,769,386
ALB (248).jpg,1280,720,ALB,271,59,656,185
ALB (248).jpg,1280,720,ALB,172,303,517,453
ALB (248).jpg,1280,720,ALB,685,206,894,372
ALB (248).jpg,1280,720,ALB,56,128,229,250
ALB (649).jpg,1280,720,ALB,468,216,914,355
ALB (649).jpg,1280,720,ALB,363,36,643,141
ALB (649).jpg,1280,720,ALB,707,46,1253,264
ALB (762).jpg,1280,720,ALB,637,360,827,468
ALB (436).jpg,1280,720,ALB,333,123,560,324
ALB (436).jpg,1280,720,ALB,785,359,1166,538
SHARK (70).jpg,1280,750,SHARK,282,213,769,369
ALB (483).jpg,1280,720,ALB,503,125,966,294
ALB (573).jpg,1280,720,ALB,497,480,699,710
SHARK (122).jpg,1280,720,SHARK,533,324,612,475
ALB (1134).jpg,1280,720,ALB,515,381,617,531
ALB (1108).jpg,1280,720,ALB,636,323,808,486
ALB (617).jpg,1280,720,ALB,342,455,527,528
ALB (100).jpg,1280,720,ALB,467,406,914,522
ALB (100).jpg,1280,720,ALB,356,196,766,366
ALB (100).jpg,1280,720,ALB,564,76,946,224
DOL (63).jpg,1280,720,DOL,350,407,624,503
ALB (149).jpg,1280,974,ALB,500,480,741,713
ALB (52).jpg,1280,720,ALB,112,379,266,475
ALB (492).jpg,1280,720,ALB,420,146,755,292
ALB (1043).jpg,1280,720,ALB,807,299,929,397
ALB (1043).jpg,1280,720,ALB,551,375,698,580
ALB (1043).jpg,1280,720,ALB,668,460,764,627
ALB (465).jpg,1280,750,ALB,294,299,453,451
SHARK (85).jpg,1280,720,SHARK,529,355,615,484
ALB (105).jpg,1280,720,ALB,732,350,894,512
SHARK (3).jpg,1280,720,SHARK,480,438,650,525
ALB (623).jpg,1280,720,ALB,537,344,653,531
DOL (92).jpg,1280,720,DOL,336,384,597,519
ALB (1200).jpg,1280,720,ALB,555,76,959,236
ALB (223).jpg,1280,750,ALB,257,168,530,257
SHARK (49).jpg,1280,720,SHARK,576,345,679,501
ALB (1187).jpg,1280,750,ALB,340,69,672,324
ALB (4).jpg,1280,974,ALB,467,489,645,708
DOL (81).jpg,1280,974,DOL,538,461,938,761
ALB (195).jpg,1280,720,ALB,449,368,571,503
ALB (980).jpg,1192,670,ALB,170,151,242,295
ALB (980).jpg,1192,670,ALB,72,262,153,573
ALB (800).jpg,1192,670,ALB,364,90,639,270
ALB (185).jpg,1280,720,ALB,886,186,1230,358
ALB (163).jpg,1280,720,ALB,221,46,716,166
ALB (705).jpg,1280,720,ALB,723,377,1180,559
ALB (705).jpg,1280,720,ALB,245,92,681,255
ALB (1057).jpg,1280,720,ALB,620,307,1002,460
ALB (731).jpg,1280,720,ALB,582,89,982,201
ALB (964).jpg,1276,718,ALB,473,315,696,469
ALB (836).jpg,1280,750,ALB,133,366,395,485
ALB (961).jpg,1280,720,ALB,856,254,1240,411
ALB (961).jpg,1280,720,ALB,586,203,1011,305
ALB (961).jpg,1280,720,ALB,458,44,938,197
ALB (961).jpg,1280,720,ALB,1,222,237,317
ALB (1194).jpg,1280,750,ALB,263,225,367,395
DOL (71).jpg,1280,720,DOL,347,393,656,532
ALB (1167).jpg,1280,750,ALB,820,482,1280,744
ALB (977).jpg,1280,750,ALB,495,27,684,182
ALB (1112).jpg,1280,720,ALB,564,84,969,222
ALB (993).jpg,1280,720,ALB,303,397,473,483
SHARK (103).jpg,1280,720,SHARK,456,420,699,597
ALB (877).jpg,1192,670,ALB,561,519,660,628
ALB (1013).jpg,1192,670,ALB,254,106,419,210
SHARK (130).jpg,1280,720,SHARK,389,429,645,544
ALB (113).jpg,1280,750,ALB,280,214,323,308
ALB (996).jpg,1192,670,ALB,403,109,502,201
ALB (118).jpg,1280,750,ALB,696,544,1038,750
ALB (753).jpg,1280,720,ALB,259,394,464,493
ALB (1117).jpg,1280,720,ALB,608,70,967,242
ALB (579).jpg,1280,720,ALB,195,296,419,422
ALB (579).jpg,1280,720,ALB,294,64,614,144
ALB (579).jpg,1280,720,ALB,584,193,915,360
ALB (579).jpg,1280,720,ALB,40,115,238,249
SHARK (69).jpg,1280,720,SHARK,519,353,627,496
ALB (895).jpg,1280,720,ALB,355,447,651,572
ALB (1156).jpg,1280,924,ALB,345,9,607,107
ALB (323).jpg,1280,750,ALB,458,431,655,557
DOL (21).jpg,1280,720,DOL,684,273,804,475
ALB (751).jpg,1280,720,ALB,606,331,889,518
DOL (60).jpg,1280,974,DOL,329,304,581,579
ALB (1021).jpg,1276,718,ALB,360,424,587,502
ALB (357).jpg,1280,750,ALB,250,182,643,316
ALB (357).jpg,1280,750,ALB,406,75,703,224
ALB (357).jpg,1280,750,ALB,24,235,258,431
ALB (357).jpg,1280,750,ALB,627,40,843,122
ALB (103).jpg,1280,720,ALB,582,351,711,523
SHARK (114).jpg,1280,720,SHARK,490,433,763,577
ALB (285).jpg,1280,720,ALB,298,384,443,515
ALB (552).jpg,1280,720,ALB,527,124,933,329
ALB (981).jpg,1280,750,ALB,755,29,1027,191
ALB (593).jpg,1280,750,ALB,320,207,571,386
ALB (978).jpg,1280,750,ALB,215,365,382,453
ALB (1036).jpg,1280,750,ALB,320,226,562,321
ALB (728).jpg,1280,924,ALB,585,119,810,262
SHARK (81).jpg,1280,720,SHARK,489,428,695,536
ALB (805).jpg,1276,718,ALB,300,371,551,587
ALB (805).jpg,1276,718,ALB,630,176,870,362
ALB (805).jpg,1276,718,ALB,609,139,797,233
ALB (470).jpg,1280,720,ALB,660,354,846,494
SHARK (36).jpg,1280,720,SHARK,371,415,641,531
SHARK (29).jpg,1280,720,SHARK,529,357,628,471
ALB (1137).jpg,1280,720,ALB,604,428,819,632
ALB (736).jpg,1280,720,ALB,332,385,554,458
ALB (643).jpg,1280,750,ALB,347,298,538,601
ALB (422).jpg,1280,720,ALB,182,145,692,355
ALB (422).jpg,1280,720,ALB,510,66,842,212
ALB (96).jpg,1280,720,ALB,482,389,673,554
ALB (1094).jpg,1192,670,ALB,191,78,321,296
ALB (1000).jpg,1280,720,ALB,455,473,623,532
ALB (1099).jpg,1280,720,ALB,716,327,806,459
ALB (673).jpg,1192,670,ALB,191,62,369,220
ALB (567).jpg,1280,750,ALB,753,48,1049,172
ALB (1033).jpg,1192,670,ALB,305,59,444,171
ALB (384).jpg,1280,750,ALB,129,314,333,524
ALB (116).jpg,1192,670,ALB,519,507,647,571
SHARK (97).jpg,1280,720,SHARK,467,425,625,527
DOL (17).jpg,1280,974,DOL,394,383,795,655
ALB (312).jpg,1280,720,ALB,889,199,1195,371
SHARK (9).jpg,1280,974,SHARK,1,505,509,810
ALB (1197).jpg,1280,720,ALB,392,341,549,455
DOL (93).jpg,1280,720,DOL,672,263,825,457
ALB (1165).jpg,1280,720,ALB,615,359,1094,546
ALB (1165).jpg,1280,720,ALB,234,85,624,245
ALB (1025).jpg,1280,750,ALB,741,60,1019,178
DOL (33).jpg,1280,750,DOL,185,347,550,499
ALB (934).jpg,1280,720,ALB,210,138,595,305
ALB (934).jpg,1280,720,ALB,558,190,942,342
ALB (934).jpg,1280,720,ALB,159,309,451,438
ALB (934).jpg,1280,720,ALB,46,94,197,222
ALB (324).jpg,1280,720,ALB,466,385,560,546
ALB (947).jpg,1280,720,ALB,362,437,527,545
ALB (701).jpg,1280,720,ALB,236,188,711,372
ALB (701).jpg,1280,720,ALB,307,62,699,193
ALB (701).jpg,1280,720,ALB,968,216,1280,374
ALB (791).jpg,1280,750,ALB,359,187,642,409
SHARK (118).jpg,1280,720,SHARK,458,431,616,525
ALB (918).jpg,1280,720,ALB,843,195,1280,358
ALB (221).jpg,1280,720,ALB,453,425,716,559
ALB (647).jpg,1276,718,ALB,704,298,918,391
ALB (69).jpg,1276,718,ALB,690,276,938,387
ALB (822).jpg,1280,720,ALB,272,216,651,450
ALB (822).jpg,1280,720,ALB,780,398,1234,527
ALB (837).jpg,1280,750,ALB,617,601,1001,750
ALB (318).jpg,1280,720,ALB,268,59,646,203
ALB (318).jpg,1280,720,ALB,906,227,1227,399
ALB (317).jpg,1280,720,ALB,559,47,1034,219
ALB (827).jpg,1280,720,ALB,754,333,1038,424
ALB (322).jpg,1280,750,ALB,753,565,1114,750
ALB (379).jpg,1280,750,ALB,620,69,901,261
ALB (151).jpg,1280,720,ALB,169,379,314,453
ALB (787).jpg,1280,750,ALB,508,491,1050,731
ALB (1169).jpg,1280,720,ALB,259,49,603,168
ALB (883).jpg,1280,750,ALB,256,407,536,531
ALB (345).jpg,1280,720,ALB,203,416,430,502
ALB (356).jpg,1280,720,ALB,245,138,649,289
ALB (356).jpg,1280,720,ALB,381,76,810,205
ALB (356).jpg,1280,720,ALB,606,260,1056,471
ALB (356).jpg,1280,720,ALB,581,397,1030,496
ALB (356).jpg,1280,720,ALB,540,496,943,616
ALB (356).jpg,1280,720,ALB,15,377,167,473
ALB (979).jpg,1280,720,ALB,867,299,940,397
ALB (979).jpg,1280,720,ALB,746,273,864,418
ALB (979).jpg,1280,720,ALB,523,441,716,593
ALB (424).jpg,1280,750,ALB,171,369,384,482
ALB (958).jpg,1280,720,ALB,567,264,942,524
ALB (819).jpg,1280,720,ALB,690,255,1001,418
ALB (1047).jpg,1280,720,ALB,421,377,593,494
LAG (51).jpg,1280,720,LAG,506,119,924,377
ALB (932).jpg,1280,750,ALB,530,259,786,479
SHARK (35).jpg,1280,720,SHARK,567,341,641,479
ALB (802).jpg,1280,720,ALB,686,255,864,422
ALB (411).jpg,1280,750,ALB,380,259,656,351
ALB (1153).jpg,1280,720,ALB,684,228,843,414
ALB (1195).jpg,1280,720,ALB,617,429,767,631
ALB (1195).jpg,1280,720,ALB,524,418,703,581
DOL (64).jpg,1280,974,DOL,438,433,635,582
ALB (434).jpg,1280,720,ALB,490,431,685,596
ALB (434).jpg,1280,720,ALB,504,481,703,640
ALB (434).jpg,1280,720,ALB,527,576,753,712
ALB (629).jpg,1192,670,ALB,572,257,664,376
ALB (629).jpg,1192,670,ALB,513,146,615,280
ALB (150).jpg,1280,750,ALB,176,324,438,487
ALB (824).jpg,1192,670,ALB,976,287,1076,400
ALB (657).jpg,1280,720,ALB,528,160,989,299
ALB (657).jpg,1280,720,ALB,227,68,636,240
SHARK (76).jpg,1280,720,SHARK,550,332,632,457
ALB (355).jpg,1280,720,ALB,467,441,624,529
ALB (1068).jpg,1280,720,ALB,606,350,733,499
ALB (491).jpg,1276,718,ALB,518,295,682,409
ALB (786).jpg,1280,720,ALB,243,406,432,512
ALB (970).jpg,1280,720,ALB,762,310,946,442
ALB (970).jpg,1280,720,ALB,633,464,808,650
ALB (1182).jpg,1280,720,ALB,511,128,958,299
ALB (228).jpg,1280,720,ALB,334,386,553,558
ALB (619).jpg,1280,750,ALB,736,37,1025,186
ALB (479).jpg,1280,720,ALB,172,86,408,238
ALB (479).jpg,1280,720,ALB,275,89,658,253
ALB (479).jpg,1280,720,ALB,610,57,1103,232
SHARK (4).jpg,1280,720,SHARK,443,411,681,544
ALB (1159).jpg,1280,750,ALB,307,481,453,594
ALB (437).jpg,1280,720,ALB,649,314,824,483
DOL (48).jpg,1280,974,DOL,425,397,729,611
SHARK (45).jpg,1280,974,SHARK,342,566,1079,810
ALB (497).jpg,1192,670,ALB,591,40,634,110
ALB (497).jpg,1192,670,ALB,622,70,660,113
ALB (497).jpg,1192,670,ALB,952,304,1044,382
SHARK (123).jpg,1280,974,SHARK,400,560,1066,805
ALB (907).jpg,1280,720,ALB,160,392,323,475
ALB (189).jpg,1280,720,ALB,633,412,758,640
ALB (189).jpg,1280,720,ALB,823,292,934,445
DOL (46).jpg,1280,974,DOL,328,442,685,564
ALB (1096).jpg,1192,670,ALB,153,163,239,309
DOL (40).jpg,1280,974,DOL,484,417,834,667
ALB (1114).jpg,1280,720,ALB,160,303,537,467
ALB (1114).jpg,1280,720,ALB,272,72,608,184
ALB (1114).jpg,1280,720,ALB,721,386,946,501
ALB (1114).jpg,1280,720,ALB,53,119,198,246
ALB (107).jpg,1280,720,ALB,350,468,527,514
ALB (1192).jpg,1280,720,ALB,289,173,717,410
ALB (1192).jpg,1280,720,ALB,940,173,1080,549
ALB (954).jpg,1276,718,ALB,739,269,866,366
SHARK (26).jpg,1280,720,SHARK,466,422,746,581
ALB (167).jpg,1280,720,ALB,228,403,455,516
LAG (40).jpg,1280,720,LAG,669,125,1045,394
ALB (605).jpg,1276,718,ALB,526,263,738,402
ALB (605).jpg,1276,718,ALB,877,293,1151,428
ALB (599).jpg,1280,720,ALB,616,332,819,501
ALB (232).jpg,1280,720,ALB,637,342,755,498
ALB (1166).jpg,1276,718,ALB,565,221,670,431
ALB (13).jpg,1280,720,ALB,788,179,1143,397
ALB (13).jpg,1280,720,ALB,545,67,950,227
ALB (13).jpg,1280,720,ALB,101,206,458,346
ALB (1111).jpg,1192,670,ALB,216,62,382,217
ALB (580).jpg,1280,750,ALB,745,47,1016,186
SHARK (113).jpg,1280,974,SHARK,339,548,919,799
SHARK (124).jpg,1280,750,SHARK,269,220,789,382
ALB (494).jpg,1280,720,ALB,617,311,759,467
ALB (269).jpg,1280,720,ALB,321,216,593,392
ALB (269).jpg,1280,720,ALB,393,88,816,251
ALB (269).jpg,1280,720,ALB,898,118,1275,305
ALB (269).jpg,1280,720,ALB,50,106,171,179
ALB (269).jpg,1280,720,ALB,50,162,251,224
ALB (269).jpg,1280,720,ALB,84,223,229,303
ALB (269).jpg,1280,720,ALB,53,402,195,516
ALB (269).jpg,1280,720,ALB,42,307,223,406
ALB (763).jpg,1276,718,ALB,699,275,939,417
ALB (969).jpg,1280,974,ALB,259,197,494,358
ALB (22).jpg,1192,670,ALB,449,108,549,286
ALB (296).jpg,1280,720,ALB,341,409,572,538
ALB (378).jpg,1280,720,ALB,866,184,1192,396
DOL (32).jpg,1280,720,DOL,698,272,823,367
ALB (558).jpg,1280,750,ALB,176,261,332,446
ALB (1041).jpg,1280,750,ALB,319,208,549,357
ALB (998).jpg,1280,720,ALB,628,416,830,651
ALB (998).jpg,1280,720,ALB,763,284,892,394
LAG (50).jpg,1280,720,LAG,541,310,760,445
DOL (45).jpg,1280,750,DOL,119,291,456,418
ALB (682).jpg,1192,670,ALB,203,42,397,245
ALB (423).jpg,1280,720,ALB,881,179,1280,329
ALB (351).jpg,1280,750,ALB,766,42,1024,175
ALB (1164).jpg,1280,720,ALB,763,346,1179,549
ALB (1164).jpg,1280,720,ALB,310,123,646,333
ALB (1072).jpg,1280,750,ALB,316,313,499,508
ALB (332).jpg,1280,720,ALB,347,158,602,376
ALB (621).jpg,1280,720,ALB,458,360,564,515
SHARK (34).jpg,1280,720,SHARK,554,351,642,501
LAG (38).jpg,1280,720,LAG,551,147,924,409
ALB (95).jpg,1192,670,ALB,152,152,276,323
ALB (724).jpg,1280,720,ALB,189,136,541,270
ALB (724).jpg,1280,720,ALB,473,83,821,180
ALB (590).jpg,1280,720,ALB,410,353,579,511
ALB (632).jpg,1280,720,ALB,263,184,666,370
ALB (632).jpg,1280,720,ALB,302,80,638,222
ALB (632).jpg,1280,720,ALB,946,192,1280,364
ALB (598).jpg,1280,720,ALB,445,357,593,514
ALB (306).jpg,1280,720,ALB,211,132,620,323
ALB (306).jpg,1280,720,ALB,475,32,1027,253
DOL (12).jpg,1280,720,DOL,256,425,437,532
ALB (929).jpg,1280,720,ALB,807,377,920,554
ALB (243).jpg,1280,720,ALB,719,328,828,449
ALB (638).jpg,1280,720,ALB,590,215,1053,399
LAG (54).jpg,1280,720,LAG,608,153,1019,460
ALB (140).jpg,1280,750,ALB,716,547,1117,750
ALB (798).jpg,1280,720,ALB,436,172,964,355
DOL (6).jpg,1280,974,DOL,338,360,585,614
ALB (367).jpg,1276,718,ALB,451,502,579,640
ALB (28).jpg,1280,750,ALB,317,200,686,381
ALB (1034).jpg,1280,750,ALB,268,199,476,348
ALB (790).jpg,1280,720,ALB,702,415,882,645
ALB (146).jpg,1280,720,ALB,189,405,451,515
SHARK (11).jpg,1280,720,SHARK,528,350,650,463
SHARK (53).jpg,1280,720,SHARK,532,353,659,501
SHARK (47).jpg,1280,750,SHARK,404,195,990,417
ALB (141).jpg,1280,720,ALB,624,146,1151,376
ALB (957).jpg,1280,720,ALB,470,366,577,490
ALB (856).jpg,1280,720,ALB,642,311,903,496
SHARK (38).jpg,1280,750,SHARK,234,186,746,370
ALB (239).jpg,1280,720,ALB,528,127,972,301
ALB (794).jpg,1192,670,ALB,182,52,436,226
SHARK (135).jpg,1280,720,SHARK,436,280,977,486
ALB (87).jpg,1276,718,ALB,692,291,852,348
ALB (718).jpg,1280,720,ALB,547,196,945,354
ALB (718).jpg,1280,720,ALB,201,149,608,267
ALB (718).jpg,1280,720,ALB,147,298,480,434
ALB (718).jpg,1280,720,ALB,41,99,190,225
ALB (905).jpg,1280,720,ALB,354,419,546,510
ALB (166).jpg,1280,750,ALB,232,233,333,392
ALB (1086).jpg,1192,670,ALB,225,47,354,208
ALB (476).jpg,1280,720,ALB,272,402,545,499
ALB (147).jpg,1280,720,ALB,854,183,1168,376
ALB (467).jpg,1280,974,ALB,754,122,1225,364
ALB (551).jpg,1280,750,ALB,337,203,702,369
DOL (70).jpg,1280,750,DOL,208,308,615,462
DOL (50).jpg,1280,720,DOL,281,401,589,524
LAG (9).jpg,1280,720,LAG,575,142,1042,455
ALB (894).jpg,1280,720,ALB,406,124,776,283
ALB (894).jpg,1280,720,ALB,763,128,1098,340
ALB (684).jpg,1280,750,ALB,437,394,685,518
ALB (346).jpg,1280,720,ALB,880,301,953,409
ALB (788).jpg,1280,720,ALB,351,101,743,180
ALB (328).jpg,1280,720,ALB,397,447,597,555
ALB (1093).jpg,1280,720,ALB,823,302,917,424
ALB (852).jpg,1280,720,ALB,716,277,1010,376
ALB (1150).jpg,1280,720,ALB,350,158,799,337
ALB (222).jpg,1280,720,ALB,617,19,1073,253
LAG (15).jpg,1280,720,LAG,390,379,645,520
ALB (341).jpg,1280,720,ALB,416,258,823,414
ALB (872).jpg,1280,974,ALB,298,783,692,923
ALB (812).jpg,1280,720,ALB,480,220,915,366
ALB (812).jpg,1280,720,ALB,346,42,688,176
ALB (812).jpg,1280,720,ALB,721,93,1136,227
ALB (265).jpg,1280,720,ALB,360,88,850,249
ALB (265).jpg,1280,720,ALB,833,223,1075,472
DOL (89).jpg,1280,720,DOL,363,384,655,516
ALB (233).jpg,1280,720,ALB,488,132,1003,310
ALB (646).jpg,1276,718,ALB,567,252,748,479
ALB (251).jpg,1280,720,ALB,714,310,859,480
ALB (1152).jpg,1192,670,ALB,360,129,538,270
ALB (300).jpg,1280,720,ALB,528,90,954,222
ALB (300).jpg,1280,720,ALB,102,167,429,328
ALB (685).jpg,1280,750,ALB,917,466,1016,600
ALB (112).jpg,1280,720,ALB,401,119,719,238
ALB (112).jpg,1280,720,ALB,901,198,1166,384
ALB (806).jpg,1280,720,ALB,272,384,589,557
ALB (110).jpg,1280,720,ALB,454,347,553,502
ALB (1088).jpg,1192,670,ALB,158,150,242,302
SHARK (57).jpg,1280,750,SHARK,253,218,747,368
ALB (1161).jpg,1280,720,ALB,493,44,903,175
ALB (752).jpg,1280,720,ALB,427,384,588,457
ALB (1076).jpg,1280,720,ALB,343,434,524,490
ALB (602).jpg,1280,720,ALB,833,154,1175,324
LAG (19).jpg,1280,720,LAG,667,319,906,511
ALB (838).jpg,1192,670,ALB,613,547,677,668
ALB (689).jpg,1280,720,ALB,693,285,1103,466
ALB (353).jpg,1280,720,ALB,202,262,524,476
ALB (353).jpg,1280,720,ALB,163,376,504,586
ALB (353).jpg,1280,720,ALB,699,75,1129,227
ALB (353).jpg,1280,720,ALB,737,297,1069,429
ALB (1128).jpg,1280,750,ALB,346,143,672,373
ALB (337).jpg,1280,750,ALB,681,488,1127,750
ALB (461).jpg,1280,720,ALB,302,394,520,484
ALB (1056).jpg,1280,750,ALB,528,281,746,437
ALB (498).jpg,1192,670,ALB,202,68,427,291
LAG (10).jpg,1280,720,LAG,653,286,894,451
SHARK (77).jpg,1280,750,SHARK,262,220,771,362
ALB (1151).jpg,1280,720,ALB,502,144,803,349
ALB (214).jpg,1280,750,ALB,741,62,1016,191
ALB (325).jpg,1276,718,ALB,527,478,682,718
ALB (412).jpg,1192,670,ALB,491,552,651,670
ALB (168).jpg,1280,720,ALB,372,75,807,297
ALB (168).jpg,1280,720,ALB,914,148,1205,431
ALB (1188).jpg,1280,974,ALB,1085,655,1245,913
LAG (52).jpg,1280,720,LAG,693,315,910,451
ALB (801).jpg,1280,720,ALB,673,79,1204,244
ALB (801).jpg,1280,720,ALB,353,47,810,168
ALB (801).jpg,1280,720,ALB,332,194,982,416
ALB (278).jpg,1192,670,ALB,976,310,1060,423
LAG (48).jpg,1280,720,LAG,667,320,890,522
SHARK (6).jpg,1280,974,SHARK,323,554,1107,802
ALB (298).jpg,1280,720,ALB,202,151,589,306
ALB (298).jpg,1280,720,ALB,490,80,971,228
SHARK (106).jpg,1280,720,SHARK,485,414,716,553
DOL (54).jpg,1280,720,DOL,406,396,664,523
ALB (850).jpg,1192,670,ALB,215,54,388,206
ALB (777).jpg,1280,720,ALB,659,403,940,622
ALB (262).jpg,1280,720,ALB,530,306,1054,481
ALB (262).jpg,1280,720,ALB,245,102,702,242
ALB (398).jpg,1280,750,ALB,315,182,750,387
ALB (746).jpg,1280,720,ALB,524,79,956,245
ALB (349).jpg,1280,720,ALB,819,285,925,412
DOL (30).jpg,1280,974,DOL,244,266,464,502
ALB (1162).jpg,1276,718,ALB,713,261,869,357
ALB (703).jpg,1192,670,ALB,194,8,341,270
DOL (16).jpg,1280,720,DOL,280,381,598,544
ALB (869).jpg,1280,720,ALB,946,222,1202,344
ALB (439).jpg,1280,720,ALB,785,281,888,372
ALB (439).jpg,1280,720,ALB,866,297,951,425
ALB (194).jpg,1280,720,ALB,398,373,637,492
ALB (1154).jpg,1280,720,ALB,510,394,606,524
ALB (1138).jpg,1280,750,ALB,432,301,747,440
ALB (369).jpg,1280,924,ALB,409,67,643,157
SHARK (27).jpg,1280,974,SHARK,350,569,989,805
ALB (44).jpg,1280,720,ALB,563,141,1038,302
ALB (315).jpg,1276,718,ALB,554,215,662,439
DOL (47).jpg,1280,974,DOL,317,294,603,567
LAG (31).jpg,1280,720,LAG,508,305,824,471
ALB (58).jpg,1280,720,ALB,482,201,924,381
ALB (58).jpg,1280,720,ALB,464,79,781,249
ALB (58).jpg,1280,720,ALB,640,66,1040,231
ALB (58).jpg,1280,720,ALB,814,312,1192,382
ALB (58).jpg,1280,720,ALB,76,58,581,216
LAG (6).jpg,1280,720,LAG,704,309,888,444
ALB (825).jpg,1280,720,ALB,347,437,562,583
SHARK (75).jpg,1280,974,SHARK,51,489,582,826
ALB (1163).jpg,1276,718,ALB,643,135,786,304
ALB (903).jpg,1192,670,ALB,227,50,387,224
DOL (15).jpg,1280,750,DOL,150,298,493,442
ALB (778).jpg,1280,974,ALB,1006,667,1280,907
ALB (416).jpg,1280,720,ALB,630,341,827,496
ALB (758).jpg,1280,720,ALB,773,245,1268,403
SHARK (105).jpg,1280,974,SHARK,375,530,879,773
ALB (985).jpg,1280,720,ALB,468,344,562,525
ALB (143).jpg,1280,750,ALB,602,320,1234,508
ALB (143).jpg,1280,750,ALB,676,108,1143,300
ALB (305).jpg,1280,720,ALB,966,199,1269,370
ALB (305).jpg,1280,720,ALB,606,119,971,258
ALB (305).jpg,1280,720,ALB,107,337,420,547
ALB (217).jpg,1280,720,ALB,676,366,1085,547
ALB (217).jpg,1280,720,ALB,288,109,617,238
SHARK (42).jpg,1280,720,SHARK,164,433,245,566
SHARK (42).jpg,1280,720,SHARK,124,455,181,586
ALB (857).jpg,1280,720,ALB,650,349,807,472
DOL (86).jpg,1280,750,DOL,224,287,660,474
SHARK (51).jpg,1280,750,SHARK,171,230,606,390
ALB (920).jpg,1276,718,ALB,360,414,578,533
LAG (12).jpg,1280,720,LAG,479,105,1006,459
ALB (1172).jpg,1280,750,ALB,233,327,440,447
ALB (782).jpg,1280,720,ALB,617,171,1056,412
ALB (574).jpg,1280,720,ALB,414,241,885,453
ALB (761).jpg,1280,720,ALB,393,371,601,486
DOL (82).jpg,1280,720,DOL,527,515,715,697
SHARK (59).jpg,1280,720,SHARK,189,441,246,558
SHARK (59).jpg,1280,720,SHARK,103,475,192,580
ALB (1038).jpg,1280,974,ALB,729,577,907,761
LAG (32).jpg,1280,720,LAG,572,145,1042,486
ALB (177).jpg,1280,750,ALB,414,257,724,475
SHARK (83).jpg,1280,720,SHARK,458,420,655,532
ALB (187).jpg,1192,670,ALB,554,110,606,246
ALB (187).jpg,1192,670,ALB,587,112,636,228
ALB (187).jpg,1192,670,ALB,611,134,671,254
ALB (783).jpg,1280,720,ALB,458,454,643,555
LAG (27).jpg,1280,720,LAG,543,155,980,467
ALB (51).jpg,1280,720,ALB,630,151,1066,347
ALB (405).jpg,1280,720,ALB,627,347,836,441
ALB (327).jpg,1280,720,ALB,424,114,829,289
ALB (327).jpg,1280,720,ALB,788,141,1069,307
SHARK (100).jpg,1280,974,SHARK,60,472,520,836
ALB (661).jpg,1280,974,ALB,442,498,659,736
ALB (702).jpg,1280,720,ALB,714,271,945,425
ALB (235).jpg,1280,720,ALB,408,363,593,503
ALB (235).jpg,1280,720,ALB,171,573,354,659
ALB (482).jpg,1280,720,ALB,854,146,1175,302
ALB (365).jpg,1192,670,ALB,226,69,366,215
DOL (29).jpg,1280,720,DOL,386,376,694,536
ALB (139).jpg,1280,720,ALB,204,129,595,355
ALB (139).jpg,1280,720,ALB,485,54,959,267
ALB (898).jpg,1280,750,ALB,688,559,1060,750
ALB (303).jpg,1280,720,ALB,343,380,566,575
ALB (1180).jpg,1280,720,ALB,404,341,563,480
DOL (28).jpg,1280,974,DOL,459,410,812,589
ALB (234).jpg,1192,670,ALB,209,65,378,196
SHARK (121).jpg,1280,720,SHARK,508,351,723,541
ALB (654).jpg,1280,750,ALB,408,301,802,460
ALB (1173).jpg,1280,720,ALB,463,90,923,193
ALB (729).jpg,1280,720,ALB,333,379,573,510
ALB (1141).jpg,1280,720,ALB,423,212,807,505
ALB (36).jpg,1280,720,ALB,629,327,773,505
ALB (767).jpg,1280,720,ALB,716,140,1142,366
ALB (767).jpg,1280,720,ALB,516,55,937,201
ALB (767).jpg,1280,720,ALB,132,211,485,353
DOL (5).jpg,1280,974,DOL,257,251,492,458
SHARK (131).jpg,1280,720,SHARK,543,385,628,475
ALB (39).jpg,1280,720,ALB,101,147,328,259
ALB (39).jpg,1280,720,ALB,172,196,515,329
ALB (39).jpg,1280,720,ALB,493,92,843,245
ALB (39).jpg,1280,720,ALB,663,71,986,188
ALB (39).jpg,1280,720,ALB,762,179,1071,355
ALB (39).jpg,1280,720,ALB,464,222,845,325
ALB (39).jpg,1280,720,ALB,499,347,686,514
ALB (295).jpg,1280,720,ALB,254,242,690,415
ALB (295).jpg,1280,720,ALB,775,355,1184,515
ALB (334).jpg,1192,670,ALB,541,490,704,579
ALB (924).jpg,1280,720,ALB,407,366,589,497
LAG (20).jpg,1280,720,LAG,442,360,701,538
ALB (104).jpg,1280,750,ALB,267,220,503,383
ALB (968).jpg,1280,720,ALB,388,432,573,550
SHARK (30).jpg,1280,974,SHARK,344,574,1013,841
DOL (69).jpg,1280,974,DOL,334,413,544,591
ALB (392).jpg,1280,720,ALB,598,145,1011,370
ALB (281).jpg,1280,750,ALB,223,308,454,417
ALB (665).jpg,1280,750,ALB,82,469,194,582
ALB (462).jpg,1192,670,ALB,180,81,337,300
ALB (757).jpg,1280,720,ALB,608,314,793,544
ALB (1071).jpg,1280,720,ALB,625,332,789,458
ALB (209).jpg,1280,750,ALB,155,356,375,482
ALB (1121).jpg,1192,670,ALB,200,58,294,304
ALB (1143).jpg,1280,720,ALB,397,124,749,284
ALB (1143).jpg,1280,720,ALB,775,142,1112,331
ALB (1143).jpg,1280,720,ALB,111,86,286,229
SHARK (43).jpg,1280,720,SHARK,567,331,655,502
SHARK (31).jpg,1280,720,SHARK,471,422,701,547
ALB (335).jpg,1280,750,ALB,230,326,443,418
ALB (174).jpg,1280,750,ALB,285,265,480,430
DOL (7).jpg,1280,974,DOL,382,538,803,742
ALB (454).jpg,1280,720,ALB,556,464,671,586
ALB (454).jpg,1280,720,ALB,662,336,777,449
ALB (454).jpg,1280,720,ALB,794,301,919,402
ALB (906).jpg,1280,720,ALB,767,276,881,399
SHARK (19).jpg,1280,720,SHARK,466,422,702,551
ALB (576).jpg,1192,670,ALB,195,64,325,279
ALB (807).jpg,1280,720,ALB,512,446,725,599
ALB (807).jpg,1280,720,ALB,585,441,750,660
ALB (67).jpg,1280,750,ALB,327,220,729,401
SHARK (93).jpg,1280,750,SHARK,320,162,817,357
LAG (24).jpg,1280,720,LAG,512,123,990,437
ALB (1079).jpg,1280,720,ALB,732,447,855,577
ALB (273).jpg,1280,720,ALB,669,222,1079,372
DOL (24).jpg,1280,974,DOL,809,610,976,892
ALB (962).jpg,1280,720,ALB,724,342,879,460
ALB (627).jpg,1276,718,ALB,443,457,608,598
ALB (310).jpg,1280,720,ALB,458,355,572,515
SHARK (119).jpg,1280,720,SHARK,536,354,659,496
LAG (28).jpg,1280,720,LAG,636,185,1094,533
ALB (258).jpg,1280,720,ALB,706,211,1136,459
ALB (258).jpg,1280,720,ALB,964,218,1195,342
ALB (258).jpg,1280,720,ALB,769,83,1177,251
ALB (258).jpg,1280,720,ALB,877,420,1199,554
ALB (258).jpg,1280,720,ALB,320,66,651,198
ALB (1102).jpg,1280,720,ALB,827,318,892,431
ALB (14).jpg,1280,720,ALB,524,368,673,551
SHARK (87).jpg,1280,720,SHARK,498,347,650,537
ALB (971).jpg,1280,750,ALB,210,390,541,518
ALB (133).jpg,1280,720,ALB,637,338,793,523
ALB (1030).jpg,1280,720,ALB,664,442,824,662
ALB (1030).jpg,1280,720,ALB,759,294,884,441
ALB (1105).jpg,1280,720,ALB,476,57,780,194
ALB (1105).jpg,1280,720,ALB,856,290,1182,450
ALB (1105).jpg,1280,720,ALB,854,388,1176,538
LAG (43).jpg,1280,720,LAG,672,323,895,549
ALB (648).jpg,1280,720,ALB,451,424,699,541
ALB (309).jpg,1280,720,ALB,345,341,555,460
ALB (343).jpg,1280,720,ALB,912,193,1220,373
ALB (887).jpg,1280,720,ALB,637,60,953,183
ALB (1024).jpg,1280,750,ALB,865,611,1107,653
ALB (1168).jpg,1280,720,ALB,636,196,1025,298
ALB (466).jpg,1280,720,ALB,610,436,828,720
ALB (466).jpg,1280,720,ALB,777,299,906,423
ALB (314).jpg,1280,720,ALB,253,57,620,177
ALB (314).jpg,1280,720,ALB,489,144,912,271
ALB (737).jpg,1192,670,ALB,103,58,376,278
ALB (651).jpg,1280,750,ALB,384,147,671,335
ALB (348).jpg,1192,670,ALB,394,101,571,276
ALB (923).jpg,1280,720,ALB,776,197,911,336
ALB (1144).jpg,1280,720,ALB,408,380,607,453
DOL (31).jpg,1280,974,DOL,435,530,785,764
ALB (974).jpg,1280,720,ALB,321,419,538,568
DOL (39).jpg,1280,720,DOL,395,398,686,511
ALB (47).jpg,1276,718,ALB,705,280,856,369
ALB (47).jpg,1276,718,ALB,834,470,944,614
ALB (442).jpg,1280,720,ALB,799,279,868,376
ALB (205).jpg,1280,720,ALB,256,33,663,193
ALB (391).jpg,1280,720,ALB,173,111,608,297
ALB (391).jpg,1280,720,ALB,499,64,916,185
ALB (616).jpg,1280,720,ALB,255,50,632,216
ALB (616).jpg,1280,720,ALB,958,193,1224,380
ALB (925).jpg,1280,750,ALB,592,557,1079,750
ALB (1160).jpg,1280,720,ALB,772,181,920,350
ALB (1011).jpg,1280,720,ALB,377,412,542,494
ALB (843).jpg,1280,720,ALB,638,94,1099,227
LAG (30).jpg,1280,720,LAG,650,328,845,511
ALB (122).jpg,1280,974,ALB,123,261,291,473
ALB (304).jpg,1276,718,ALB,517,311,653,510
ALB (304).jpg,1276,718,ALB,878,163,1151,283
DOL (2).jpg,1280,720,DOL,697,284,838,420
ALB (859).jpg,1280,750,ALB,299,216,495,381
ALB (1127).jpg,1276,718,ALB,482,467,570,663
ALB (226).jpg,1280,720,ALB,433,362,568,479
ALB (474).jpg,1280,720,ALB,471,350,571,485
ALB (1069).jpg,1276,718,ALB,718,289,848,346
ALB (972).jpg,1280,720,ALB,366,394,736,588
ALB (972).jpg,1280,720,ALB,384,90,862,257
ALB (396).jpg,1280,720,ALB,368,76,843,262
ALB (178).jpg,1280,720,ALB,585,342,750,522
ALB (178).jpg,1280,720,ALB,694,332,801,489
ALB (879).jpg,1280,720,ALB,617,328,759,462
ALB (254).jpg,1280,720,ALB,636,414,759,627
ALB (254).jpg,1280,720,ALB,825,286,960,416
ALB (815).jpg,1280,720,ALB,594,67,816,222
ALB (680).jpg,1280,750,ALB,275,192,506,378
ALB (876).jpg,1280,750,ALB,738,547,1072,750
ALB (64).jpg,1280,720,ALB,215,422,453,507
ALB (1091).jpg,1280,750,ALB,355,92,668,339
ALB (55).jpg,1280,720,ALB,411,384,643,472
ALB (708).jpg,1280,720,ALB,506,472,702,706
ALB (1063).jpg,1280,720,ALB,529,155,902,276
ALB (1063).jpg,1280,720,ALB,272,54,614,212
ALB (902).jpg,1280,720,ALB,302,386,428,467
SHARK (95).jpg,1280,720,SHARK,176,429,249,568
SHARK (95).jpg,1280,720,SHARK,121,462,202,594
ALB (900).jpg,1280,924,ALB,333,1,545,97
ALB (109).jpg,1280,720,ALB,814,319,890,429
ALB (12).jpg,1280,750,ALB,366,120,689,249
ALB (942).jpg,1192,670,ALB,919,290,1028,332
ALB (1097).jpg,1280,720,ALB,349,454,528,516
ALB (912).jpg,1280,720,ALB,747,144,1037,389
ALB (1133).jpg,1280,720,ALB,711,332,820,449
ALB (793).jpg,1280,720,ALB,280,393,441,505
ALB (344).jpg,1192,670,ALB,142,164,276,298
ALB (344).jpg,1192,670,ALB,54,287,178,540
SHARK (139).jpg,1280,974,SHARK,101,529,550,819
ALB (686).jpg,1280,720,ALB,315,122,702,320
ALB (686).jpg,1280,720,ALB,759,337,1212,597
ALB (735).jpg,1280,720,ALB,679,234,889,416
ALB (948).jpg,1280,720,ALB,563,88,963,225
ALB (948).jpg,1280,720,ALB,146,106,414,172
ALB (245).jpg,1280,720,ALB,692,268,833,406
ALB (1126).jpg,1280,720,ALB,1,244,197,378
ALB (1126).jpg,1280,720,ALB,614,167,1016,280
ALB (1126).jpg,1280,720,ALB,441,81,915,192
ALB (1126).jpg,1280,720,ALB,862,285,1237,411
ALB (469).jpg,1280,720,ALB,666,336,863,503
ALB (1120).jpg,1280,750,ALB,345,246,663,374
ALB (1075).jpg,1280,720,ALB,666,388,859,512
ALB (1100).jpg,1280,720,ALB,745,353,1082,486
ALB (829).jpg,1280,720,ALB,768,303,903,386
ALB (376).jpg,1280,720,ALB,458,370,582,460
ALB (204).jpg,1280,750,ALB,449,429,624,543
ALB (111).jpg,1280,720,ALB,290,234,632,363
ALB (111).jpg,1280,720,ALB,785,383,1121,525
ALB (1027).jpg,1280,720,ALB,415,188,807,336
ALB (1027).jpg,1280,720,ALB,598,407,1020,599
ALB (175).jpg,1276,718,ALB,513,210,700,353
ALB (1006).jpg,1280,720,ALB,193,401,390,463
ALB (152).jpg,1276,718,ALB,883,196,1134,339
SHARK (82).jpg,1280,974,SHARK,344,526,1110,847
LAG (37).jpg,1280,720,LAG,690,301,856,424
ALB (264).jpg,1280,720,ALB,245,57,608,173
ALB (200).jpg,1280,720,ALB,540,428,666,589
ALB (200).jpg,1280,720,ALB,617,408,758,620
ALB (155).jpg,1280,720,ALB,612,332,723,514
ALB (155).jpg,1280,720,ALB,703,349,773,511
ALB (1052).jpg,1280,720,ALB,304,242,638,371
ALB (1052).jpg,1280,720,ALB,746,389,1111,490
SHARK (115).jpg,1280,974,SHARK,392,573,976,804
ALB (1022).jpg,1192,670,ALB,187,56,304,280
ALB (656).jpg,1280,720,ALB,797,363,925,544
ALB (785).jpg,1276,718,ALB,531,226,693,388
ALB (397).jpg,1280,720,ALB,364,376,453,515
ALB (854).jpg,1280,720,ALB,741,177,1158,384
ALB (854).jpg,1280,720,ALB,555,66,885,185
DOL (20).jpg,1280,720,DOL,368,407,704,533
ALB (201).jpg,1280,720,ALB,515,385,737,593
ALB (201).jpg,1280,720,ALB,612,442,764,636
LAG (18).jpg,1280,720,LAG,714,315,888,446
ALB (171).jpg,1280,720,ALB,649,410,781,647
ALB (171).jpg,1280,720,ALB,806,293,953,412
ALB (124).jpg,1280,720,ALB,537,166,1017,368
ALB (723).jpg,1280,750,ALB,943,533,1036,642
ALB (851).jpg,1192,670,ALB,208,53,415,230
ALB (427).jpg,1280,720,ALB,637,407,845,538
ALB (427).jpg,1280,720,ALB,754,293,889,389
SHARK (136).jpg,1280,720,SHARK,555,341,653,485
ALB (583).jpg,1280,750,ALB,328,233,593,368
ALB (1139).jpg,1280,750,ALB,755,49,1014,173
ALB (631).jpg,1280,720,ALB,771,246,869,388
ALB (1007).jpg,1280,720,ALB,985,222,1245,363
ALB (557).jpg,1280,720,ALB,179,397,367,498
ALB (61).jpg,1276,718,ALB,660,136,818,304
ALB (816).jpg,1280,750,ALB,399,60,980,235
ALB (816).jpg,1280,750,ALB,524,207,1012,392
ALB (816).jpg,1280,750,ALB,575,309,1015,481
ALB (816).jpg,1280,750,ALB,672,378,1116,599
SHARK (128).jpg,1280,720,SHARK,553,336,682,493
ALB (144).jpg,1280,720,ALB,598,360,823,584
ALB (1178).jpg,1280,720,ALB,769,180,1134,403
ALB (1178).jpg,1280,720,ALB,542,66,945,229
ALB (1178).jpg,1280,720,ALB,112,181,450,341
ALB (1055).jpg,1280,720,ALB,529,134,907,276
ALB (449).jpg,1192,670,ALB,884,269,1060,418
ALB (611).jpg,1280,720,ALB,599,407,843,632
SHARK (2).jpg,1280,720,SHARK,450,440,647,531
DOL (9).jpg,1280,750,DOL,232,284,504,436
ALB (1008).jpg,1280,720,ALB,623,360,794,494
ALB (808).jpg,1280,720,ALB,573,93,959,223
ALB (808).jpg,1280,720,ALB,740,163,1203,368
ALB (808).jpg,1280,720,ALB,121,170,468,332
ALB (927).jpg,1280,720,ALB,420,372,598,455
ALB (102).jpg,1280,720,ALB,651,394,862,545
ALB (720).jpg,1280,720,ALB,420,379,608,531
ALB (400).jpg,1280,720,ALB,233,41,668,189
ALB (760).jpg,1280,924,ALB,302,1,637,139
ALB (359).jpg,1280,750,ALB,267,179,638,364
ALB (128).jpg,1280,720,ALB,658,432,741,629
ALB (128).jpg,1280,720,ALB,798,307,937,427
ALB (844).jpg,1280,720,ALB,543,96,1010,309
ALB (844).jpg,1280,720,ALB,294,88,688,212
ALB (844).jpg,1280,720,ALB,37,266,359,460
ALB (959).jpg,1280,720,ALB,685,360,1085,632
ALB (959).jpg,1280,720,ALB,394,84,858,212
ALB (601).jpg,1280,720,ALB,597,453,807,642
ALB (145).jpg,1280,720,ALB,538,401,733,616
ALB (342).jpg,1280,720,ALB,316,164,689,358
ALB (35).jpg,1280,750,ALB,156,330,379,443
ALB (953).jpg,1280,720,ALB,667,446,823,660
ALB (596).jpg,1280,720,ALB,238,432,450,509
ALB (23).jpg,1280,720,ALB,423,325,575,502
LAG (45).jpg,1280,720,LAG,589,168,1020,519
ALB (123).jpg,1280,720,ALB,360,212,762,370
ALB (123).jpg,1280,720,ALB,766,303,1177,475
ALB (832).jpg,1280,720,ALB,760,299,1203,476
ALB (832).jpg,1280,720,ALB,343,202,762,327
ALB (936).jpg,1280,720,ALB,177,281,536,538
ALB (936).jpg,1280,720,ALB,499,49,919,180
DOL (38).jpg,1280,720,DOL,334,393,668,536
SHARK (24).jpg,1280,974,SHARK,13,482,476,838
ALB (31).jpg,1280,720,ALB,845,179,1188,386
DOL (43).jpg,1280,974,DOL,450,426,720,585
ALB (904).jpg,1280,750,ALB,412,9,575,166
SHARK (94).jpg,1280,720,SHARK,463,405,654,518
